44527.938506292,3,696130066,100,3141000,-1
44527.940203772,1,249,100,3139900,1
44527.944610950,1,248,100,3140700,-1
44528.412006304,3,696131734,100,3168800,-1
44528.412006304,1,246,100,3168700,-1
44528.412007090,3,696131738,100,3172000,-1
44528.412007090,1,244,100,3171900,-1
44528.412007994,3,696131742,100,3199200,-1
44528.412007994,1,242,100,3199100,-1
44528.412009179,3,696131746,100,3240200,-1
44528.412009179,1,240,100,3240200,-1
44528.412010278,3,696131750,100,3240200,-1
44528.412010278,1,238,100,3240200,-1
44528.412048651,1,237,3,3139800,1
44528.421962253,1,236,3,3141000,-1
44528.492656539,2,696175942,100,3140100,1
44528.494539218,3,249,100,3139900,1
44528.494561349,3,696129006,25,3140100,1
44528.494562639,1,232,10,3140900,-1
44528.495290666,3,696131782,100,3111800,1
44528.495290666,1,230,100,3111700,1
44528.495291550,3,696131786,100,3108800,1
44528.495291550,1,228,100,3108700,1
44528.495292388,3,696131790,100,3081400,1
44528.495292388,1,226,100,3081300,1
44528.495293757,3,696131794,100,3040400,1
44528.495293757,1,224,100,3040400,1
44528.495294581,3,696131798,100,3040400,1
44528.495294581,1,222,100,3040400,1
44528.495505822,3,696176190,3,3139800,1
44528.497613723,3,237,100,3139800,1
44528.499820487,1,219,100,3139700,1
44528.568385907,3,-3,100,3140000,1
44528.569975020,1,217,100,3140100,1
44528.571800498,1,216,100,3140100,1
44528.572171121,3,230,100,3111700,1
44528.572171121,1,214,100,3111800,1
44528.572171981,3,228,100,3108700,1
44528.572171981,1,212,100,3108800,1
44528.572172111,3,226,100,3081300,1
44528.572172111,1,210,100,3081400,1
44528.572173207,3,224,100,3040400,1
44528.572173207,1,208,100,3040400,1
44528.572173377,3,222,100,3040400,1
44528.572173377,1,206,100,3040400,1
44528.573425486,3,214,100,3111800,1
44528.573425486,1,204,100,3111700,1
44528.573426336,3,212,100,3108800,1
44528.573426336,1,202,100,3108700,1
44528.573426523,3,210,100,3081400,1
44528.573426523,1,200,100,3081300,1
44528.573426670,3,208,100,3040400,1
44528.573426670,1,198,100,3040400,1
44528.573426851,3,206,100,3040400,1
44528.573426851,1,196,100,3040400,1
44528.577382515,1,195,100,3140000,1
44528.600436291,3,216,100,3140100,1
44528.600443546,3,195,100,3140000,1
44528.600470218,3,696176190,100,3139800,1
44528.600490594,1,191,25,3140500,-1
44528.600671282,3,696134406,100,3139800,1
44528.603759796,1,189,100,3140100,1
44528.604632546,1,188,100,3140900,-1
44528.636825881,1,187,100,3140600,-1
44528.655246351,3,219,100,3139700,1
44528.655313643,3,696128630,25,3140100,1
44528.655319691,3,189,100,3140100,1
44528.655335008,3,696167494,10,3140000,1
44528.655362115,3,-7,100,3139800,1
44528.655394316,1,181,100,3140500,-1
44528.655416833,3,696175942,16,3140100,1
44528.655454947,1,179,40,3140500,-1
44528.655541699,3,696128686,10,3140000,1
44528.655584150,1,177,100,3140500,-1
44528.655655292,1,176,3,3140500,-1
44528.655771466,3,204,100,3111700,1
44528.655771466,1,174,100,3111600,1
44528.655772301,3,202,100,3108700,1
44528.655772301,1,172,100,3108600,1
44528.655773559,3,200,100,3081300,1
44528.655773559,1,170,100,3081200,1
44528.655773697,3,198,100,3040400,1
44528.655773697,1,168,100,3040400,1
44528.655773858,3,196,100,3040400,1
44528.655773858,1,166,100,3040400,1
44528.655802654,1,165,25,3140500,-1
44528.655850924,1,164,25,3140100,1
44528.655882542,1,163,100,3139700,1
44528.655998362,3,696175942,25,3140100,1
44528.656590385,3,246,100,3168800,-1
44528.656590385,1,160,100,3168700,-1
44528.656590686,3,244,100,3172000,-1
44528.656590686,1,158,100,3171900,-1
44528.656591637,3,242,100,3199200,-1
44528.656591637,1,156,100,3199100,-1
44528.656591848,3,240,100,3240200,-1
44528.656591848,1,154,100,3240200,-1
44528.656752212,3,238,100,3240200,-1
44528.656752212,1,152,100,3240200,-1
44528.656756301,3,-170,66,3155500,-1
44528.656756301,1,150,66,3151700,-1
44528.656923788,3,696175942,25,3140100,1
44528.656943272,3,696175942,10,3140100,1
44528.657101579,3,-363,100,3111800,1
44528.657101579,1,146,100,3112000,1
44528.657102626,3,-393,100,3108800,1
44528.657102626,1,144,100,3109000,1
44528.657102863,3,170,100,3081400,1
44528.657102863,1,142,100,3081600,1
44528.657102977,3,168,100,3040400,1
44528.657102977,1,140,100,3040400,1
44528.657104083,3,166,100,3040400,1
44528.657104083,1,138,100,3040400,1
44528.657310634,1,137,3,3140900,-1
44528.657527154,3,187,3,3140600,-1
44528.657566423,1,135,3,3140500,-1
44528.657589139,3,191,25,3140600,-1
44528.658133323,1,133,10,3140500,-1
44528.658137900,1,132,25,3140500,-1
44528.658160674,3,-30,25,3141600,-1
44528.658377265,1,130,10,3140500,-1
44528.658764486,3,696175942,100,3140100,1
44528.658865694,3,696129734,100,3139600,1
44528.659572447,3,696128686,100,3140000,1
44528.659832806,3,217,100,3140100,1
44528.659917880,1,125,100,3139500,1
44528.660072360,1,124,100,3141100,-1
44528.660426638,1,123,33,3140500,-1
44528.660434122,1,122,100,3140900,-1
44528.660451333,1,121,25,3140500,-1
44528.660722657,3,696131594,100,3139900,1
44528.660789747,1,119,3,3141000,-1
44528.661043259,1,118,100,3140900,-1
44528.661135279,3,160,100,3168800,-1
44528.661135279,1,116,100,3168700,-1
44528.661135550,3,-302,100,3172000,-1
44528.661135550,1,114,100,3171900,-1
44528.661136602,3,156,100,3199200,-1
44528.661136602,1,112,100,3199100,-1
44528.661137819,3,154,100,3240200,-1
44528.661137819,1,110,100,3240200,-1
44528.661196116,3,125,100,3139600,1
44528.661317397,3,-359,100,3112100,1
44528.661317397,1,107,100,3111700,1
44528.661317604,3,144,100,3108900,1
44528.661317604,1,105,100,3108700,1
44528.661318572,3,142,100,3081700,1
44528.661318572,1,103,100,3081300,1
44528.661318667,3,140,100,3040400,1
44528.661318667,1,101,100,3040400,1
44528.661318896,3,138,100,3040400,1
44528.661318896,1,99,100,3040400,1
44528.661410507,3,-999999999,100,3111800,1
44528.661410507,1,97,100,3111600,1
44528.661410764,3,105,100,3108800,1
44528.661410764,1,95,100,3108600,1
44528.661411660,3,103,100,3081400,1
44528.661411660,1,93,100,3081200,1
44528.661411822,3,101,100,3040400,1
44528.661411822,1,91,100,3040400,1
44528.661411947,3,99,100,3040400,1
44528.661411947,1,89,100,3040400,1
44528.661501897,3,696175826,100,3140800,-1
44528.662021358,3,-7,3,3139800,1
44528.662296309,3,-999999999,100,3125700,1
44528.662353586,3,97,100,3111700,1
44528.662353586,1,84,100,3111900,1
44528.662354675,3,-999999999,100,3108700,1
44528.662354675,1,82,100,3108800,1
44528.662354822,3,93,100,3081300,1
44528.662354822,1,80,100,3081500,1
44528.662354997,3,91,100,3040400,1
44528.662354997,1,78,100,3040400,1
44528.662355091,3,89,100,3040400,1
44528.662355091,1,76,100,3040400,1
44528.662828726,3,84,100,3111900,1
44528.662828726,1,74,100,3111800,1
44528.662828868,3,82,100,3108800,1
44528.662828868,1,72,100,3108700,1
44528.662829034,3,80,100,3081500,1
44528.662829034,1,70,100,3081400,1
44528.662829205,3,78,100,3040400,1
44528.662829205,1,68,100,3040400,1
44528.662829287,3,76,100,3040400,1
44528.662829287,1,66,100,3040400,1
44528.662853622,3,74,100,3111800,1
44528.662853622,1,64,100,3111900,1
44528.662854444,3,72,100,3108700,1
44528.662854444,1,62,100,3108800,1
44528.662854757,3,70,100,3081400,1
44528.662854757,1,60,100,3081500,1
44528.662854906,3,68,100,3040400,1
44528.662854906,1,58,100,3040400,1
44528.662855063,3,66,100,3040400,1
44528.662855063,1,56,100,3040400,1
44528.663402050,3,64,100,3111900,1
44528.663402050,1,54,100,3111800,1
44528.663402287,3,62,100,3108800,1
44528.663402287,1,52,100,3108700,1
44528.663402452,3,60,100,3081500,1
44528.663402452,1,50,100,3081400,1
44528.663403468,3,58,100,3040400,1
44528.663403468,1,48,100,3040400,1
44528.663403585,3,56,100,3040400,1
44528.663403585,1,46,100,3040400,1
44528.663425558,3,54,100,3111800,1
44528.663425558,1,44,100,3111900,1
44528.663426408,3,52,100,3108700,1
44528.663426408,1,42,100,3108800,1
44528.663426640,3,50,100,3081400,1
44528.663426640,1,40,100,3081500,1
44528.663426779,3,48,100,3040400,1
44528.663426779,1,38,100,3040400,1
44528.663426960,3,46,100,3040400,1
44528.663426960,1,36,100,3040400,1
44528.663921852,3,44,100,3111900,1
44528.663921852,1,34,100,3111800,1
44528.663922071,3,42,100,3108800,1
44528.663922071,1,32,100,3108700,1
44528.663922307,3,40,100,3081500,1
44528.663922307,1,30,100,3081400,1
44528.663922471,3,38,100,3040400,1
44528.663922471,1,28,100,3040400,1
44528.663922635,3,36,100,3040400,1
44528.663922635,1,26,100,3040400,1
44528.663943733,3,34,100,3111800,1
44528.663943733,1,24,100,3112000,1
44528.663944570,3,32,100,3108700,1
44528.663944570,1,22,100,3108900,1
44528.663944729,3,30,100,3081400,1
44528.663944729,1,20,100,3081600,1
44528.663944888,3,28,100,3040400,1
44528.663944888,1,18,100,3040400,1
44528.663945026,3,26,100,3040400,1
44528.663945026,1,16,100,3040400,1
44528.670105336,3,121,25,3140600,-1
44528.671052624,3,116,100,3169400,-1
44528.671052624,1,13,100,3169500,-1
44528.671053535,3,114,100,3172100,-1
44528.671053535,1,11,100,3172200,-1
44528.671054689,3,112,100,3199200,-1
44528.671054689,1,9,100,3199300,-1
44528.671054851,3,110,100,3240200,-1
44528.671054851,1,7,100,3240200,-1
44528.671055084,3,152,100,3240200,-1
44528.671055084,1,5,100,3240200,-1
44528.673076466,1,4,100,3140800,-1
44528.673784648,1,3,25,3140600,-1
44528.673860044,1,2,100,3140100,1
44528.673907457,3,123,33,3140500,-1
