3368300,107,3367900,272,3368400,140,3367800,100,3368500,40,3367500,140,3368600,68,3367400,164,3368700,142,3367300,244,3368800,287,3367200,190,3368900,150,3367100,153,3369000,100,3367000,150,3369100,60,3366900,193,3369200,65,3366800,350
3368300,107,3367900,272,3368400,140,3367800,100,3368500,40,3367700,40,3368600,68,3367500,140,3368700,142,3367400,164,3368800,287,3367300,244,3368900,150,3367200,190,3369000,100,3367100,153,3369100,60,3367000,150,3369200,65,3366900,193
3368300,107,3367900,272,3368400,140,3367800,100,3368500,40,3367700,40,3368600,68,3367500,140,3368700,142,3367400,164,3368800,287,3367300,244,3368900,150,3367200,190,3369000,100,3367100,153,3369100,60,3367000,150,3369200,65,3366900,193
3368300,107,3367900,272,3368400,180,3367800,100,3368500,40,3367700,40,3368600,68,3367500,140,3368700,142,3367400,164,3368800,287,3367300,244,3368900,150,3367200,190,3369000,100,3367100,153,3369100,60,3367000,150,3369200,65,3366900,193
3368300,107,3367900,262,3368400,180,3367800,100,3368500,40,3367700,40,3368600,68,3367500,140,3368700,142,3367400,164,3368800,287,3367300,244,3368900,150,3367200,190,3369000,100,3367100,153,3369100,60,3367000,150,3369200,65,3366900,193
3368300,107,3367900,230,3368400,180,3367800,100,3368500,40,3367700,40,3368600,68,3367500,140,3368700,142,3367400,164,3368800,287,3367300,244,3368900,150,3367200,190,3369000,100,3367100,153,3369100,60,3367000,150,3369200,65,3366900,193
3368300,107,3367900,230,3368400,180,3367800,100,3368500,40,3367700,40,3368600,68,3367500,140,3368700,142,3367400,174,3368800,287,3367300,244,3368900,150,3367200,190,3369000,100,3367100,153,3369100,60,3367000,150,3369200,65,3366900,193
3368300,107,3367900,230,3368400,180,3367800,100,3368500,40,3367700,40,3368600,68,3367500,140,3368700,142,3367400,174,3368800,287,3367300,244,3368900,50,3367200,190,3369000,100,3367100,153,3369100,60,3367000,150,3369200,65,3366900,193
3368300,107,3367900,230,3368400,180,3367800,100,3368500,40,3367700,40,3368600,68,3367500,140,3368700,142,3367400,174,3368800,287,3367300,244,3368900,50,3367200,190,3369000,100,3367100,153,3369100,60,3367000,150,3369200,65,3366900,193
3368300,107,3367900,230,3368400,180,3367800,100,3368500,40,3367700,40,3368600,68,3367500,140,3368700,142,3367400,174,3368800,287,3367300,244,3368900,50,3367200,190,3369000,100,3367100,153,3369100,60,3367000,150,3369200,65,3366900,193
3368300,107,3367900,230,3368400,180,3367800,100,3368500,40,3367700,40,3368600,68,3367500,140,3368700,142,3367400,174,3368800,287,3367300,244,3368900,50,3367200,190,3369000,100,3367100,153,3369100,60,3367000,150,3369200,65,3366900,193
3368300,107,3367900,230,3368400,180,3367800,100,3368500,40,3367700,40,3368600,68,3367500,140,3368700,142,3367400,174,3368800,287,3367300,244,3368900,50,3367200,190,3369000,100,3367100,153,3369100,60,3367000,150,3369200,65,3366900,193
3368300,107,3367900,230,3368400,180,3367800,100,3368500,40,3367700,40,3368600,68,3367500,140,3368700,142,3367400,174,3368800,287,3367300,244,3368900,50,3367200,190,3369000,100,3367100,153,3369100,60,3367000,150,3369200,65,3366900,193
3368300,107,3367900,230,3368400,180,3367800,100,3368500,40,3367700,40,3368600,68,3367500,140,3368700,142,3367400,174,3368800,287,3367300,244,3368900,50,3367200,190,3369000,100,3367100,153,3369100,60,3367000,150,3369200,65,3366900,193
3368300,107,3367900,230,3368400,180,3367800,100,3368500,40,3367700,40,3368600,68,3367500,140,3368700,142,3367400,174,3368800,287,3367300,244,3368900,50,3367200,190,3369000,100,3367100,153,3369100,60,3367000,150,3369200,65,3366900,193
3368300,107,3367900,230,3368400,180,3367800,100,3368500,40,3367700,40,3368600,68,3367500,140,3368700,142,3367400,174,3368800,287,3367300,244,3368900,50,3367200,190,3369000,100,3367100,153,3369100,60,3367000,150,3369200,65,3366900,193
3368300,107,3367900,270,3368400,180,3367800,100,3368500,40,3367700,40,3368600,68,3367500,140,3368700,142,3367400,174,3368800,287,3367300,244,3368900,50,3367200,190,3369000,100,3367100,153,3369100,60,3367000,150,3369200,65,3366900,193
3368300,107,3367900,270,3368400,180,3367800,100,3368500,40,3367700,40,3368600,68,3367500,140,3368700,142,3367400,174,3368800,287,3367300,244,3368900,50,3367200,190,3369000,100,3367100,153,3369100,60,3367000,150,3369200,65,3366900,193
3368300,107,3367900,270,3368400,180,3367800,100,3368500,40,3367700,40,3368600,68,3367500,140,3368700,142,3367400,174,3368800,287,3367300,244,3368900,50,3367200,190,3369000,100,3367100,153,3369100,60,3367000,150,3369200,65,3366900,193
3368300,107,3367900,270,3368400,180,3367800,100,3368500,40,3367700,40,3368600,68,3367500,140,3368700,142,3367400,174,3368800,287,3367300,244,3368900,50,3367200,190,3369000,100,3367100,153,3369100,60,3367000,150,3369200,65,3366900,193
3368300,107,3367900,270,3368400,180,3367800,100,3368500,40,3367700,40,3368600,68,3367500,140,3368700,142,3367400,174,3368800,287,3367300,244,3368900,50,3367200,190,3369000,100,3367100,153,3369100,60,3367000,150,3369200,65,3366900,193
3368300,107,3367900,270,3368400,180,3367800,100,3368500,40,3367700,40,3368600,68,3367500,140,3368700,142,3367400,174,3368800,287,3367300,244,3368900,50,3367200,190,3369000,100,3367100,153,3369100,60,3367000,150,3369200,65,3366900,193
3368300,107,3367900,270,3368400,180,3367800,100,3368500,40,3367700,40,3368600,68,3367500,140,3368700,142,3367400,174,3368800,287,3367300,244,3368900,50,3367200,190,3369000,100,3367100,153,3369100,60,3367000,150,3369200,65,3366900,193
3368300,107,3367900,270,3368400,180,3367800,100,3368500,40,3367700,40,3368600,68,3367500,140,3368700,142,3367400,174,3368800,287,3367300,244,3368900,50,3367200,190,3369000,100,3367100,153,3369100,60,3367000,150,3369200,65,3366900,193
3368300,107,3367900,270,3368400,180,3367800,100,3368500,40,3367700,40,3368600,68,3367500,140,3368700,142,3367400,174,3368800,287,3367300,244,3368900,50,3367200,190,3369000,100,3367100,153,3369100,60,3367000,150,3369200,65,3366900,193
3368300,107,3367900,270,3368400,180,3367800,100,3368500,40,3367700,40,3368600,68,3367500,140,3368700,142,3367400,174,3368800,287,3367300,244,3368900,50,3367200,190,3369000,100,3367100,153,3369100,60,3367000,150,3369200,65,3366900,193
3368300,107,3367900,270,3368400,180,3367800,100,3368500,40,3367700,40,3368600,68,3367500,140,3368700,142,3367400,174,3368800,287,3367300,244,3368900,50,3367200,190,3369000,100,3367100,153,3369100,60,3367000,150,3369200,65,3366900,193
3368300,107,3367900,270,3368400,180,3367800,100,3368500,40,3367700,40,3368600,68,3367500,140,3368700,142,3367400,174,3368800,287,3367300,244,3368900,50,3367200,190,3369000,100,3367100,153,3369100,60,3367000,150,3369200,65,3366900,193
3368300,97,3367900,270,3368400,180,3367800,100,3368500,40,3367700,40,3368600,68,3367500,140,3368700,142,3367400,174,3368800,287,3367300,244,3368900,50,3367200,190,3369000,100,3367100,153,3369100,60,3367000,150,3369200,65,3366900,193
3368300,97,3367900,270,3368400,180,3367800,100,3368500,40,3367700,40,3368600,28,3367500,140,3368700,142,3367400,174,3368800,287,3367300,244,3368900,50,3367200,190,3369000,100,3367100,153,3369100,60,3367000,150,3369200,65,3366900,193
3368300,97,3367900,270,3368400,140,3367800,100,3368500,40,3367700,40,3368600,28,3367500,140,3368700,142,3367400,174,3368800,287,3367300,244,3368900,50,3367200,190,3369000,100,3367100,153,3369100,60,3367000,150,3369200,65,3366900,193
3368300,97,3367900,270,3368400,140,3367800,100,3368500,40,3367700,40,3368600,28,3367500,140,3368700,142,3367400,174,3368800,287,3367300,244,3368900,50,3367200,190,3369000,100,3367100,153,3369100,60,3367000,150,3369200,65,3366900,193
3368300,97,3367900,270,3368400,140,3367800,100,3368500,40,3367700,40,3368600,28,3367500,140,3368700,142,3367400,174,3368800,287,3367300,244,3368900,50,3367200,190,3369000,100,3367100,153,3369100,60,3367000,150,3369200,65,3366900,193
3368300,97,3367900,270,3368400,140,3367800,100,3368500,40,3367700,40,3368600,28,3367500,140,3368700,142,3367400,174,3368800,287,3367300,244,3368900,50,3367200,190,3369000,100,3367100,153,3369100,60,3367000,150,3369200,65,3366900,193
3368300,97,3367900,270,3368400,140,3367800,100,3368500,40,3367700,40,3368600,28,3367500,140,3368700,132,3367400,174,3368800,287,3367300,244,3368900,50,3367200,190,3369000,100,3367100,153,3369100,60,3367000,150,3369200,65,3366900,193
3368300,97,3367900,270,3368400,140,3367800,100,3368500,40,3367700,40,3368600,28,3367500,140,3368700,132,3367400,174,3368800,287,3367300,244,3368900,50,3367200,190,3369000,200,3367100,153,3369100,60,3367000,150,3369200,65,3366900,193
3368300,97,3367900,270,3368400,140,3367800,100,3368500,40,3367700,40,3368600,28,3367500,140,3368700,132,3367400,174,3368800,287,3367300,244,3368900,50,3367200,190,3369000,200,3367100,153,3369100,60,3367000,150,3369200,65,3366900,193
3368300,57,3367900,270,3368400,140,3367800,100,3368500,40,3367700,40,3368600,28,3367500,140,3368700,132,3367400,174,3368800,287,3367300,244,3368900,50,3367200,190,3369000,200,3367100,153,3369100,60,3367000,150,3369200,65,3366900,193
3368300,57,3367900,270,3368400,140,3367800,125,3368500,40,3367700,40,3368600,28,3367500,140,3368700,132,3367400,174,3368800,287,3367300,244,3368900,50,3367200,190,3369000,200,3367100,153,3369100,60,3367000,150,3369200,65,3366900,193
3368300,57,3367900,270,3368400,160,3367800,125,3368500,40,3367700,40,3368600,28,3367500,140,3368700,132,3367400,174,3368800,287,3367300,244,3368900,50,3367200,190,3369000,200,3367100,153,3369100,60,3367000,150,3369200,65,3366900,193
3368300,57,3367900,270,3368400,200,3367800,125,3368500,40,3367700,40,3368600,28,3367500,140,3368700,132,3367400,174,3368800,287,3367300,244,3368900,50,3367200,190,3369000,200,3367100,153,3369100,60,3367000,150,3369200,65,3366900,193
3368300,57,3367900,270,3368400,200,3367800,125,3368500,40,3367700,40,3368600,28,3367500,40,3368700,132,3367400,174,3368800,287,3367300,244,3368900,50,3367200,190,3369000,200,3367100,153,3369100,60,3367000,150,3369200,65,3366900,193
3368300,57,3367900,270,3368400,200,3367800,125,3368500,40,3367700,40,3368700,132,3367500,40,3368800,287,3367400,174,3368900,50,3367300,244,3369000,200,3367200,190,3369100,60,3367100,153,3369200,65,3367000,150,3369300,140,3366900,193
3368300,57,3367900,270,3368400,200,3367800,125,3368500,30,3367700,40,3368700,132,3367500,40,3368800,287,3367400,174,3368900,50,3367300,244,3369000,200,3367200,190,3369100,60,3367100,153,3369200,65,3367000,150,3369300,140,3366900,193
3368300,57,3367900,270,3368400,200,3367800,125,3368700,132,3367700,40,3368800,287,3367500,40,3368900,50,3367400,174,3369000,200,3367300,244,3369100,60,3367200,190,3369200,65,3367100,153,3369300,140,3367000,150,3369400,140,3366900,193
3368300,57,3367900,270,3368400,200,3367800,125,3368700,132,3367700,40,3368800,287,3367500,40,3368900,50,3367400,174,3369000,200,3367300,244,3369100,60,3367200,190,3369200,65,3367100,153,3369300,140,3367000,150,3369400,140,3366900,193
3368300,57,3367900,270,3368400,200,3367800,125,3368700,132,3367700,40,3368800,287,3367500,40,3368900,50,3367400,174,3369000,200,3367300,244,3369100,60,3367200,190,3369200,65,3367100,153,3369300,140,3367000,150,3369400,140,3366900,193
3368300,57,3367900,270,3368400,200,3367800,125,3368700,132,3367700,40,3368800,287,3367500,40,3368900,50,3367400,174,3369000,200,3367300,244,3369100,60,3367200,190,3369200,65,3367100,153,3369300,140,3367000,150,3369400,140,3366900,193
3368300,57,3367900,270,3368400,200,3367800,125,3368700,132,3367700,40,3368800,287,3367500,40,3368900,50,3367400,174,3369000,200,3367300,244,3369100,60,3367200,190,3369200,65,3367100,153,3369300,140,3367000,150,3369400,140,3366900,193
3368300,57,3367900,270,3368400,200,3367800,125,3368700,132,3367700,40,3368800,287,3367500,40,3368900,50,3367400,174,3369000,200,3367300,244,3369100,60,3367200,190,3369200,65,3367100,153,3369300,140,3367000,150,3369400,140,3366900,193
3368300,57,3367900,270,3368400,200,3367800,125,3368700,132,3367700,40,3368800,287,3367500,40,3368900,50,3367400,174,3369000,200,3367300,244,3369100,60,3367200,190,3369200,65,3367100,153,3369300,140,3367000,150,3369400,140,3366900,193
3368300,57,3367900,270,3368400,200,3367800,125,3368700,132,3367700,40,3368800,287,3367500,40,3368900,50,3367400,174,3369000,200,3367300,244,3369100,60,3367200,190,3369200,65,3367100,153,3369300,140,3367000,150,3369400,140,3366900,193
3368300,57,3367900,270,3368400,200,3367800,125,3368700,132,3367700,40,3368800,287,3367500,40,3368900,50,3367400,174,3369000,200,3367300,244,3369100,60,3367200,190,3369200,65,3367100,153,3369300,140,3367000,150,3369400,140,3366900,193
3368300,57,3367900,270,3368400,200,3367800,125,3368700,132,3367700,40,3368800,287,3367500,40,3368900,50,3367400,174,3369000,200,3367300,244,3369100,60,3367200,190,3369200,65,3367100,153,3369300,140,3367000,150,3369400,140,3366900,193
3368300,57,3367900,270,3368400,200,3367800,125,3368700,132,3367700,40,3368800,287,3367500,40,3368900,50,3367400,174,3369000,200,3367300,244,3369100,60,3367200,190,3369200,65,3367100,153,3369300,140,3367000,150,3369400,140,3366900,193
3368300,57,3367900,270,3368400,200,3367800,125,3368700,132,3367700,40,3368800,287,3367500,40,3368900,50,3367400,174,3369000,200,3367300,244,3369100,60,3367200,190,3369200,65,3367100,153,3369300,140,3367000,150,3369400,140,3366900,193
3368300,57,3367900,270,3368400,200,3367800,125,3368700,132,3367700,40,3368800,287,3367500,40,3368900,50,3367400,174,3369000,200,3367300,244,3369100,60,3367200,190,3369200,65,3367100,153,3369300,140,3367000,150,3369400,140,3366900,193
3368300,57,3367900,270,3368400,200,3367800,125,3368700,132,3367700,40,3368800,287,3367500,40,3368900,50,3367400,174,3369000,200,3367300,244,3369100,60,3367200,190,3369200,65,3367100,153,3369300,140,3367000,150,3369400,140,3366900,193
3368300,57,3367900,270,3368400,200,3367800,125,3368700,132,3367700,40,3368800,287,3367500,40,3368900,50,3367400,174,3369000,200,3367300,244,3369100,60,3367200,190,3369200,65,3367100,153,3369300,140,3367000,150,3369400,140,3366900,193
3368300,57,3367900,270,3368400,200,3367800,125,3368700,132,3367700,40,3368800,287,3367500,40,3368900,50,3367400,174,3369000,200,3367300,244,3369100,60,3367200,190,3369200,65,3367100,153,3369300,140,3367000,150,3369400,140,3366900,193
3368300,57,3367900,270,3368400,200,3367800,125,3368700,132,3367700,40,3368800,287,3367500,40,3368900,50,3367400,174,3369000,200,3367300,244,3369100,60,3367200,190,3369200,65,3367100,153,3369300,140,3367000,150,3369400,140,3366900,193
3368300,57,3367900,270,3368400,200,3367800,125,3368700,132,3367700,40,3368800,287,3367500,40,3368900,50,3367400,174,3369000,200,3367300,244,3369100,60,3367200,190,3369200,65,3367100,153,3369300,140,3367000,150,3369400,140,3366900,193
3368300,57,3367900,270,3368400,200,3367800,125,3368700,132,3367700,40,3368800,287,3367500,40,3368900,50,3367400,174,3369000,200,3367300,244,3369100,60,3367200,190,3369200,65,3367100,153,3369300,140,3367000,150,3369400,140,3366900,193
3368300,57,3367900,270,3368400,200,3367800,125,3368700,132,3367700,40,3368800,287,3367500,40,3368900,50,3367400,174,3369000,200,3367300,244,3369100,60,3367200,190,3369200,65,3367100,153,3369300,140,3367000,150,3369400,140,3366900,193
3368300,57,3367900,270,3368400,200,3367800,125,3368700,132,3367700,40,3368800,287,3367500,40,3368900,50,3367400,174,3369000,200,3367300,244,3369100,60,3367200,190,3369200,65,3367100,153,3369300,140,3367000,150,3369400,140,3366900,193
3368300,57,3367900,270,3368400,200,3367800,125,3368700,132,3367700,40,3368800,287,3367500,40,3368900,50,3367400,174,3369000,200,3367300,244,3369100,60,3367200,190,3369200,65,3367100,153,3369300,140,3367000,150,3369400,140,3366900,193
3368300,57,3367900,270,3368400,200,3367800,125,3368700,132,3367700,40,3368800,287,3367500,40,3368900,50,3367400,174,3369000,200,3367300,244,3369100,60,3367200,190,3369200,65,3367100,153,3369300,140,3367000,150,3369400,140,3366900,193
3368300,57,3367900,270,3368400,200,3367800,125,3368700,132,3367700,40,3368800,287,3367500,40,3368900,50,3367400,174,3369000,200,3367300,244,3369100,60,3367200,190,3369200,65,3367100,153,3369300,140,3367000,150,3369400,140,3366900,193
3368300,57,3367900,270,3368400,200,3367800,125,3368700,132,3367700,40,3368800,287,3367500,40,3368900,50,3367400,174,3369000,200,3367300,244,3369100,60,3367200,190,3369200,65,3367100,153,3369300,140,3367000,150,3369400,140,3366900,193
3368300,57,3367900,270,3368400,200,3367800,125,3368500,10,3367700,40,3368700,132,3367500,40,3368800,287,3367400,174,3368900,50,3367300,244,3369000,200,3367200,190,3369100,60,3367100,153,3369200,65,3367000,150,3369300,140,3366900,193
3368300,57,3367900,270,3368400,200,3367800,125,3368500,10,3367700,40,3368700,132,3367500,40,3368800,287,3367400,174,3368900,50,3367300,244,3369000,200,3367200,190,3369100,60,3367100,153,3369200,65,3367000,150,3369300,140,3366900,193
3368300,57,3367900,270,3368400,240,3367800,125,3368500,10,3367700,40,3368700,132,3367500,40,3368800,287,3367400,174,3368900,50,3367300,244,3369000,200,3367200,190,3369100,60,3367100,153,3369200,65,3367000,150,3369300,140,3366900,193
3368300,57,3367900,230,3368400,240,3367800,125,3368500,10,3367700,40,3368700,132,3367500,40,3368800,287,3367400,174,3368900,50,3367300,244,3369000,200,3367200,190,3369100,60,3367100,153,3369200,65,3367000,150,3369300,140,3366900,193
3368300,57,3367900,230,3368400,240,3367800,125,3368500,10,3367700,40,3368700,132,3367500,40,3368800,287,3367400,204,3368900,50,3367300,244,3369000,200,3367200,190,3369100,60,3367100,153,3369200,65,3367000,150,3369300,140,3366900,193
3368300,57,3367900,230,3368400,240,3367800,135,3368500,10,3367700,40,3368700,132,3367500,40,3368800,287,3367400,204,3368900,50,3367300,244,3369000,200,3367200,190,3369100,60,3367100,153,3369200,65,3367000,150,3369300,140,3366900,193
3368300,57,3367900,230,3368400,240,3367800,135,3368500,10,3367700,40,3368700,132,3367500,40,3368800,287,3367400,204,3368900,50,3367300,244,3369000,200,3367200,190,3369100,60,3367100,153,3369200,65,3367000,150,3369300,140,3366900,193
3368300,57,3367900,230,3368400,240,3367800,135,3368500,10,3367700,40,3368700,132,3367500,40,3368800,287,3367400,204,3368900,50,3367300,244,3369000,200,3367200,190,3369100,60,3367100,153,3369200,65,3367000,150,3369300,140,3366900,193
3368300,57,3367900,230,3368400,240,3367800,135,3368500,10,3367700,40,3368700,132,3367500,40,3368800,287,3367400,204,3368900,50,3367300,244,3369000,200,3367200,190,3369100,60,3367100,153,3369200,65,3367000,150,3369300,140,3366900,193
3368300,57,3367900,230,3368400,240,3367800,135,3368500,10,3367700,40,3368700,132,3367500,40,3368800,287,3367400,204,3368900,50,3367300,244,3369000,200,3367200,190,3369100,60,3367100,153,3369200,65,3367000,150,3369300,140,3366900,193
3368300,57,3367900,230,3368400,240,3367800,135,3368500,10,3367700,40,3368700,132,3367500,40,3368800,287,3367400,204,3368900,50,3367300,244,3369000,200,3367200,190,3369100,60,3367100,153,3369200,65,3367000,150,3369300,140,3366900,193
3368300,57,3367900,230,3368400,240,3367800,135,3368500,10,3367700,40,3368700,132,3367500,40,3368800,287,3367400,204,3368900,50,3367300,244,3369000,200,3367200,190,3369100,60,3367100,153,3369200,65,3367000,150,3369300,140,3366900,193
3368300,57,3367900,230,3368400,240,3367800,135,3368500,10,3367700,40,3368700,132,3367500,40,3368800,287,3367400,204,3368900,50,3367300,244,3369000,200,3367200,190,3369100,60,3367100,153,3369200,65,3367000,150,3369300,140,3366900,193
3368300,57,3367900,230,3368400,240,3367800,135,3368500,10,3367700,40,3368700,132,3367500,40,3368800,287,3367400,204,3368900,50,3367300,244,3369000,200,3367200,190,3369100,60,3367100,153,3369200,65,3367000,150,3369300,140,3366900,193
3368300,57,3367900,230,3368400,240,3367800,135,3368500,10,3367700,40,3368700,132,3367500,40,3368800,287,3367400,204,3368900,50,3367300,244,3369000,200,3367200,190,3369100,60,3367100,153,3369200,65,3367000,150,3369300,140,3366900,193
3368300,57,3367900,230,3368400,240,3367800,135,3368500,10,3367700,40,3368700,132,3367500,40,3368800,287,3367400,204,3368900,50,3367300,244,3369000,200,3367200,190,3369100,60,3367100,153,3369200,65,3367000,150,3369300,140,3366900,193
3368300,57,3367900,230,3368400,240,3367800,135,3368500,10,3367700,40,3368700,132,3367500,40,3368800,287,3367400,204,3368900,50,3367300,244,3369000,200,3367200,190,3369100,60,3367100,153,3369200,65,3367000,150,3369300,140,3366900,193
3368300,57,3367900,230,3368400,240,3367800,135,3368500,10,3367700,40,3368700,132,3367500,40,3368800,287,3367400,204,3368900,50,3367300,244,3369000,200,3367200,190,3369100,60,3367100,153,3369200,65,3367000,150,3369300,140,3366900,193
3368300,57,3367900,230,3368400,240,3367800,135,3368500,10,3367700,40,3368700,132,3367500,40,3368800,287,3367400,204,3368900,50,3367300,244,3369000,200,3367200,190,3369100,60,3367100,153,3369200,65,3367000,150,3369300,140,3366900,193
3368300,57,3367900,230,3368400,240,3367800,135,3368500,10,3367700,40,3368700,132,3367500,40,3368800,287,3367400,204,3368900,50,3367300,244,3369000,200,3367200,190,3369100,60,3367100,153,3369200,65,3367000,150,3369300,140,3366900,193
3368300,57,3367900,230,3368400,240,3367800,135,3368500,10,3367700,40,3368700,132,3367500,40,3368800,287,3367400,204,3368900,50,3367300,244,3369000,200,3367200,190,3369100,60,3367100,153,3369200,65,3367000,150,3369300,140,3366900,193
3368300,57,3367900,230,3368400,240,3367800,135,3368500,10,3367700,40,3368700,132,3367500,40,3368800,287,3367400,204,3368900,50,3367300,244,3369000,200,3367200,190,3369100,60,3367100,153,3369200,65,3367000,150,3369300,140,3366900,193
3368300,57,3367900,230,3368400,240,3367800,135,3368500,10,3367700,40,3368700,132,3367500,40,3368800,287,3367400,204,3368900,50,3367300,244,3369000,200,3367200,190,3369100,60,3367100,153,3369200,65,3367000,150,3369300,140,3366900,193
3368000,300,3367900,230,3368300,57,3367800,135,3368400,240,3367700,40,3368500,10,3367500,40,3368700,132,3367400,204,3368800,287,3367300,244,3368900,50,3367200,190,3369000,200,3367100,153,3369100,60,3367000,150,3369200,65,3366900,193
3368300,57,3367900,230,3368400,240,3367800,135,3368500,10,3367700,40,3368700,132,3367500,40,3368800,287,3367400,204,3368900,50,3367300,244,3369000,200,3367200,190,3369100,60,3367100,153,3369200,65,3367000,150,3369300,140,3366900,193
3368300,57,3367900,230,3368400,240,3367800,135,3368500,10,3367700,40,3368700,132,3367500,40,3368800,287,3367400,204,3368900,50,3367300,244,3369000,200,3367200,190,3369100,60,3367100,153,3369200,65,3367000,150,3369300,140,3366900,193
3368300,57,3367900,230,3368400,240,3367800,135,3368500,10,3367700,40,3368700,132,3367500,40,3368800,287,3367400,204,3368900,50,3367300,244,3369000,200,3367200,190,3369100,60,3367100,153,3369200,65,3367000,150,3369300,140,3366900,193
3368300,57,3367900,230,3368400,200,3367800,135,3368500,10,3367700,40,3368700,132,3367500,40,3368800,287,3367400,204,3368900,50,3367300,244,3369000,200,3367200,190,3369100,60,3367100,153,3369200,65,3367000,150,3369300,140,3366900,193
3368300,57,3367900,230,3368400,200,3367800,135,3368500,10,3367700,40,3368700,132,3367500,40,3368800,287,3367400,204,3368900,50,3367300,244,3369000,200,3367200,190,3369100,60,3367100,153,3369200,65,3367000,150,3369300,140,3366900,193
3368300,57,3367900,230,3368400,200,3367800,135,3368700,132,3367700,40,3368800,287,3367500,40,3368900,50,3367400,204,3369000,200,3367300,244,3369100,60,3367200,190,3369200,65,3367100,153,3369300,140,3367000,150,3369400,140,3366900,193
3368300,57,3367900,230,3368400,200,3367800,135,3368700,132,3367700,40,3368800,287,3367500,40,3368900,50,3367400,204,3369000,200,3367300,244,3369100,60,3367200,190,3369200,65,3367100,153,3369300,140,3367000,150,3369400,140,3366900,193
3368300,57,3367900,230,3368400,200,3367800,135,3368700,132,3367700,40,3368800,287,3367500,40,3368900,50,3367400,204,3369000,200,3367300,244,3369100,60,3367200,190,3369200,65,3367100,153,3369300,140,3367000,150,3369400,140,3366900,193
3368300,57,3367900,230,3368400,200,3367800,135,3368700,132,3367700,40,3368800,287,3367500,40,3368900,50,3367400,204,3369000,200,3367300,244,3369100,60,3367200,190,3369200,65,3367100,153,3369300,140,3367000,150,3369400,140,3366900,193
3368300,32,3367900,230,3368400,200,3367800,135,3368700,132,3367700,40,3368800,287,3367500,40,3368900,50,3367400,204,3369000,200,3367300,244,3369100,60,3367200,190,3369200,65,3367100,153,3369300,140,3367000,150,3369400,140,3366900,193
3368300,32,3367900,230,3368400,160,3367800,135,3368700,132,3367700,40,3368800,287,3367500,40,3368900,50,3367400,204,3369000,200,3367300,244,3369100,60,3367200,190,3369200,65,3367100,153,3369300,140,3367000,150,3369400,140,3366900,193
3368300,32,3367900,230,3368400,160,3367800,135,3368700,132,3367700,40,3368800,287,3367500,40,3368900,50,3367400,174,3369000,200,3367300,244,3369100,60,3367200,190,3369200,65,3367100,153,3369300,140,3367000,150,3369400,140,3366900,193
3368300,32,3367900,230,3368400,160,3367800,135,3368700,132,3367700,40,3368800,287,3367600,14,3368900,50,3367500,40,3369000,200,3367400,174,3369100,60,3367300,244,3369200,65,3367200,190,3369300,140,3367100,153,3369400,140,3367000,150
3368300,32,3367900,230,3368400,160,3367800,135,3368500,40,3367700,40,3368700,132,3367600,14,3368800,287,3367500,40,3368900,50,3367400,174,3369000,200,3367300,244,3369100,60,3367200,190,3369200,65,3367100,153,3369300,140,3367000,150
3368300,32,3367900,230,3368400,160,3367800,135,3368500,50,3367700,40,3368700,132,3367600,14,3368800,287,3367500,40,3368900,50,3367400,174,3369000,200,3367300,244,3369100,60,3367200,190,3369200,65,3367100,153,3369300,140,3367000,150
3368300,32,3367900,230,3368400,160,3367800,135,3368500,50,3367700,40,3368600,100,3367600,14,3368700,132,3367500,40,3368800,287,3367400,174,3368900,50,3367300,244,3369000,200,3367200,190,3369100,60,3367100,153,3369200,65,3367000,150
3368300,32,3367900,230,3368400,160,3367800,135,3368500,50,3367700,40,3368600,100,3367600,14,3368700,132,3367500,40,3368800,287,3367400,174,3368900,50,3367300,244,3369000,200,3367200,190,3369100,60,3367100,153,3369200,65,3367000,150
3368300,32,3367900,230,3368400,160,3367800,135,3368500,50,3367700,40,3368600,100,3367600,14,3368700,132,3367500,40,3368800,287,3367400,174,3368900,50,3367300,244,3369000,200,3367200,190,3369100,60,3367100,153,3369200,65,3367000,150
3368300,32,3367900,230,3368400,160,3367800,135,3368500,50,3367700,40,3368600,100,3367600,14,3368700,132,3367500,40,3368800,287,3367400,174,3368900,50,3367300,244,3369000,200,3367200,190,3369100,60,3367100,153,3369200,65,3367000,150
3368300,32,3367900,230,3368400,160,3367800,135,3368500,50,3367700,40,3368600,100,3367600,14,3368700,132,3367500,40,3368800,287,3367400,174,3368900,50,3367300,244,3369000,200,3367200,190,3369100,60,3367100,153,3369200,65,3367000,150
3368300,32,3367900,230,3368400,160,3367800,135,3368500,50,3367700,40,3368600,100,3367600,14,3368700,132,3367500,40,3368800,287,3367400,174,3368900,50,3367300,244,3369000,200,3367200,190,3369100,60,3367100,153,3369200,65,3367000,150
3368300,32,3367900,230,3368400,160,3367800,135,3368500,50,3367700,40,3368600,100,3367600,14,3368700,132,3367500,40,3368800,287,3367400,174,3368900,50,3367300,244,3369000,200,3367200,190,3369100,60,3367100,153,3369200,65,3367000,150
3368300,32,3367900,230,3368400,160,3367800,135,3368500,50,3367700,40,3368600,100,3367600,14,3368700,132,3367500,40,3368800,287,3367400,174,3368900,50,3367300,244,3369000,200,3367200,190,3369100,60,3367100,153,3369200,65,3367000,150
3368300,32,3367900,230,3368400,160,3367800,135,3368500,50,3367700,40,3368600,100,3367600,14,3368700,132,3367500,40,3368800,287,3367400,174,3368900,50,3367300,244,3369000,200,3367200,190,3369100,60,3367100,153,3369200,65,3367000,150
3368300,32,3367900,230,3368400,160,3367800,135,3368500,10,3367700,40,3368600,100,3367600,14,3368700,132,3367500,40,3368800,287,3367400,174,3368900,50,3367300,244,3369000,200,3367200,190,3369100,60,3367100,153,3369200,65,3367000,150
3368300,32,3367900,230,3368400,160,3367800,135,3368500,10,3367700,40,3368600,100,3367600,14,3368700,132,3367500,40,3368800,287,3367400,174,3368900,50,3367300,244,3369000,200,3367200,190,3369100,60,3367100,153,3369200,65,3367000,150
3368300,32,3367900,230,3368400,160,3367800,135,3368500,10,3367700,40,3368600,100,3367600,14,3368700,132,3367500,40,3368800,287,3367400,174,3368900,50,3367300,244,3369000,200,3367200,190,3369100,60,3367100,153,3369200,65,3367000,150
3368300,32,3367900,230,3368400,160,3367800,135,3368500,10,3367700,40,3368600,100,3367600,14,3368700,132,3367500,40,3368800,287,3367400,174,3368900,50,3367300,244,3369000,200,3367200,190,3369100,60,3367100,153,3369200,65,3367000,150
3368300,32,3367900,230,3368400,160,3367800,135,3368500,10,3367700,40,3368600,100,3367600,14,3368700,132,3367500,40,3368800,287,3367400,174,3368900,50,3367300,244,3369000,200,3367200,190,3369100,60,3367100,153,3369200,65,3367000,150
3368300,32,3367900,230,3368400,160,3367800,135,3368500,10,3367700,40,3368600,100,3367600,14,3368700,132,3367500,40,3368800,287,3367400,174,3368900,50,3367300,244,3369000,200,3367200,190,3369100,60,3367100,153,3369200,65,3367000,150
3368300,32,3367900,230,3368400,160,3367800,135,3368500,10,3367700,40,3368600,100,3367600,14,3368700,132,3367500,40,3368800,287,3367400,174,3368900,50,3367300,244,3369000,200,3367200,190,3369100,60,3367100,153,3369200,65,3367000,150
3368300,32,3367900,230,3368400,160,3367800,135,3368500,10,3367700,40,3368600,100,3367600,14,3368700,132,3367500,40,3368800,287,3367400,174,3368900,50,3367300,244,3369000,200,3367200,190,3369100,60,3367100,153,3369200,65,3367000,150
3368300,32,3367900,230,3368400,160,3367800,135,3368500,10,3367700,40,3368600,100,3367600,14,3368700,132,3367500,40,3368800,287,3367400,174,3368900,50,3367300,244,3369000,200,3367200,190,3369100,60,3367100,153,3369200,65,3367000,150
3368300,32,3367900,230,3368400,160,3367800,135,3368500,10,3367700,140,3368600,100,3367600,14,3368700,132,3367500,40,3368800,287,3367400,174,3368900,50,3367300,244,3369000,200,3367200,190,3369100,60,3367100,153,3369200,65,3367000,150
3368300,32,3367900,230,3368400,140,3367800,135,3368500,10,3367700,140,3368600,100,3367600,14,3368700,132,3367500,40,3368800,287,3367400,174,3368900,50,3367300,244,3369000,200,3367200,190,3369100,60,3367100,153,3369200,65,3367000,150
3368300,32,3367900,230,3368400,140,3367800,145,3368500,10,3367700,140,3368600,100,3367600,14,3368700,132,3367500,40,3368800,287,3367400,174,3368900,50,3367300,244,3369000,200,3367200,190,3369100,60,3367100,153,3369200,65,3367000,150
3368300,32,3367900,230,3368400,170,3367800,145,3368500,10,3367700,140,3368600,100,3367600,14,3368700,132,3367500,40,3368800,287,3367400,174,3368900,50,3367300,244,3369000,200,3367200,190,3369100,60,3367100,153,3369200,65,3367000,150
3368300,32,3367900,230,3368400,170,3367800,145,3368500,10,3367700,140,3368600,100,3367600,114,3368700,132,3367500,40,3368800,287,3367400,174,3368900,50,3367300,244,3369000,200,3367200,190,3369100,60,3367100,153,3369200,65,3367000,150
3368300,32,3367900,230,3368400,170,3367800,145,3368500,10,3367700,40,3368600,100,3367600,114,3368700,132,3367500,40,3368800,287,3367400,174,3368900,50,3367300,244,3369000,200,3367200,190,3369100,60,3367100,153,3369200,65,3367000,150
3368300,32,3367900,230,3368400,170,3367800,145,3368500,10,3367700,40,3368700,132,3367600,114,3368800,287,3367500,40,3368900,50,3367400,174,3369000,200,3367300,244,3369100,60,3367200,190,3369200,65,3367100,153,3369300,140,3367000,150
3368300,32,3367900,230,3368400,170,3367800,145,3368500,10,3367700,40,3368700,132,3367600,114,3368800,287,3367500,40,3368900,50,3367400,174,3369000,200,3367300,244,3369100,60,3367200,190,3369200,65,3367100,153,3369300,140,3367000,150
3368300,32,3367900,230,3368400,130,3367800,145,3368500,10,3367700,40,3368700,132,3367600,114,3368800,287,3367500,40,3368900,50,3367400,174,3369000,200,3367300,244,3369100,60,3367200,190,3369200,65,3367100,153,3369300,140,3367000,150
3368300,32,3367900,230,3368400,130,3367800,145,3368700,132,3367700,40,3368800,287,3367600,114,3368900,50,3367500,40,3369000,200,3367400,174,3369100,60,3367300,244,3369200,65,3367200,190,3369300,140,3367100,153,3369400,140,3367000,150
3368300,32,3367900,230,3368400,130,3367800,145,3368700,132,3367700,40,3368800,287,3367600,114,3368900,50,3367500,40,3369000,200,3367400,174,3369100,60,3367300,244,3369200,65,3367200,193,3369300,140,3367100,153,3369400,140,3367000,150
3368300,32,3367900,230,3368400,130,3367800,145,3368700,132,3367700,40,3368800,287,3367600,114,3368900,50,3367500,40,3369000,200,3367400,174,3369100,60,3367300,244,3369200,65,3367200,193,3369300,140,3367100,153,3369400,140,3367000,150
3368300,32,3367900,230,3368400,130,3367800,135,3368700,132,3367700,40,3368800,287,3367600,114,3368900,50,3367500,40,3369000,200,3367400,174,3369100,60,3367300,244,3369200,65,3367200,193,3369300,140,3367100,153,3369400,140,3367000,150
3368300,32,3367900,230,3368400,130,3367800,135,3368700,132,3367700,40,3368800,287,3367600,114,3368900,50,3367500,40,3369000,200,3367400,174,3369100,60,3367300,244,3369200,65,3367200,193,3369300,140,3367100,153,3369400,140,3367000,150
3368300,32,3367900,230,3368400,130,3367800,135,3368700,132,3367700,40,3368800,287,3367600,114,3368900,50,3367500,40,3369000,200,3367400,174,3369100,60,3367300,244,3369200,65,3367200,193,3369300,140,3367100,153,3369400,140,3367000,150
3368300,32,3367900,230,3368400,130,3367800,135,3368700,132,3367700,40,3368800,287,3367600,114,3368900,50,3367500,40,3369000,200,3367400,174,3369100,60,3367300,244,3369200,65,3367200,193,3369300,140,3367100,153,3369400,140,3367000,150
3368300,32,3367900,230,3368400,130,3367800,135,3368700,132,3367700,40,3368800,287,3367600,114,3368900,50,3367500,40,3369000,200,3367400,174,3369100,60,3367300,244,3369200,65,3367200,193,3369300,140,3367100,153,3369400,140,3367000,150
3368300,32,3367900,230,3368400,130,3367800,135,3368700,132,3367700,40,3368800,287,3367600,114,3368900,50,3367500,40,3369000,200,3367400,174,3369100,60,3367300,244,3369200,65,3367200,193,3369300,140,3367100,153,3369400,140,3367000,150
3368300,32,3367900,230,3368400,130,3367800,135,3368700,132,3367700,40,3368800,287,3367600,114,3368900,50,3367500,40,3369000,200,3367400,174,3369100,60,3367300,244,3369200,65,3367200,193,3369300,140,3367100,153,3369400,140,3367000,150
3368300,32,3367900,230,3368400,130,3367800,135,3368700,132,3367700,40,3368800,287,3367600,114,3368900,50,3367500,40,3369000,200,3367400,174,3369100,60,3367300,244,3369200,65,3367200,193,3369300,140,3367100,153,3369400,140,3367000,150
3368300,32,3367900,230,3368400,130,3367800,135,3368700,132,3367700,40,3368800,287,3367600,114,3368900,50,3367500,40,3369000,200,3367400,174,3369100,60,3367300,244,3369200,65,3367200,193,3369300,140,3367100,153,3369400,140,3367000,150
3368300,32,3367900,230,3368400,130,3367800,135,3368700,132,3367700,40,3368800,287,3367600,114,3368900,50,3367500,40,3369000,200,3367400,174,3369100,60,3367300,244,3369200,65,3367200,193,3369300,140,3367100,153,3369400,140,3367000,150
3368300,32,3367900,230,3368400,130,3367800,135,3368700,132,3367700,40,3368800,287,3367600,114,3368900,50,3367500,40,3369000,200,3367400,174,3369100,60,3367300,244,3369200,65,3367200,193,3369300,140,3367100,153,3369400,140,3367000,150
3368300,32,3367900,230,3368400,130,3367800,135,3368700,132,3367700,40,3368800,287,3367600,114,3368900,50,3367500,40,3369000,200,3367400,174,3369100,60,3367300,244,3369200,65,3367200,193,3369300,140,3367100,153,3369400,140,3367000,150
3368300,32,3367900,230,3368400,130,3367800,135,3368500,40,3367700,40,3368700,132,3367600,114,3368800,287,3367500,40,3368900,50,3367400,174,3369000,200,3367300,244,3369100,60,3367200,193,3369200,65,3367100,153,3369300,140,3367000,150
3368300,32,3367900,230,3368400,130,3367800,135,3368700,132,3367700,40,3368800,287,3367600,114,3368900,50,3367500,40,3369000,200,3367400,174,3369100,60,3367300,244,3369200,65,3367200,193,3369300,140,3367100,153,3369400,140,3367000,150
3368300,32,3367900,230,3368400,130,3367800,135,3368700,132,3367700,40,3368800,287,3367600,114,3368900,50,3367500,40,3369000,200,3367400,174,3369100,60,3367300,244,3369200,65,3367200,193,3369300,140,3367100,153,3369400,140,3367000,150
3368300,32,3367900,230,3368400,130,3367800,135,3368700,132,3367700,40,3368800,287,3367600,114,3368900,50,3367500,40,3369000,200,3367400,174,3369100,60,3367300,244,3369200,65,3367200,193,3369300,140,3367100,153,3369400,140,3367000,150
3368300,32,3367900,230,3368400,130,3367800,135,3368700,132,3367700,40,3368800,287,3367600,114,3368900,50,3367500,40,3369000,200,3367400,174,3369100,60,3367300,244,3369200,65,3367200,193,3369300,140,3367100,153,3369400,140,3367000,150
3368300,32,3367900,230,3368400,130,3367800,135,3368700,132,3367700,40,3368800,287,3367600,114,3368900,50,3367500,40,3369000,200,3367400,174,3369100,60,3367300,244,3369200,65,3367200,193,3369300,140,3367100,153,3369400,140,3367000,150
3368300,32,3367900,230,3368400,130,3367800,135,3368700,132,3367700,40,3368800,287,3367600,114,3368900,50,3367500,40,3369000,200,3367400,174,3369100,60,3367300,244,3369200,65,3367200,193,3369300,140,3367100,153,3369400,140,3367000,150
3368300,32,3367900,230,3368400,130,3367800,135,3368700,132,3367700,40,3368800,287,3367600,114,3368900,50,3367500,40,3369000,200,3367400,174,3369100,60,3367300,244,3369200,65,3367200,193,3369300,140,3367100,153,3369400,140,3367000,150
3368300,32,3367900,230,3368400,130,3367800,135,3368700,132,3367700,40,3368800,287,3367600,114,3368900,50,3367500,40,3369000,200,3367400,174,3369100,60,3367300,244,3369200,65,3367200,193,3369300,140,3367100,153,3369400,140,3367000,150
3368300,32,3367900,230,3368400,130,3367800,135,3368700,132,3367700,40,3368800,287,3367600,114,3368900,50,3367500,40,3369000,200,3367400,174,3369100,60,3367300,244,3369200,65,3367200,193,3369300,140,3367100,153,3369400,140,3367000,150
3368300,32,3367900,230,3368400,130,3367800,135,3368700,132,3367700,40,3368800,287,3367600,114,3368900,50,3367500,40,3369000,200,3367400,174,3369100,60,3367300,244,3369200,65,3367200,193,3369300,140,3367100,153,3369400,140,3367000,150
3368300,32,3367900,230,3368400,130,3367800,135,3368700,132,3367700,40,3368800,287,3367600,114,3368900,50,3367500,40,3369000,200,3367400,174,3369100,60,3367300,244,3369200,65,3367200,193,3369300,140,3367100,153,3369400,140,3367000,150
3368300,32,3367900,230,3368400,130,3367800,135,3368700,132,3367700,40,3368800,287,3367600,114,3368900,50,3367500,40,3369000,200,3367400,174,3369100,60,3367300,244,3369200,65,3367200,193,3369300,140,3367100,153,3369400,140,3367000,150
3368300,32,3367900,230,3368400,130,3367800,135,3368700,132,3367700,40,3368800,287,3367600,114,3368900,50,3367500,40,3369000,200,3367400,174,3369100,60,3367300,244,3369200,65,3367200,193,3369300,140,3367100,153,3369400,140,3367000,150
3368300,32,3367900,230,3368400,130,3367800,135,3368700,132,3367700,40,3368800,287,3367600,114,3368900,50,3367500,40,3369000,200,3367400,174,3369100,60,3367300,244,3369200,65,3367200,193,3369300,140,3367100,153,3369400,140,3367000,150
3368300,32,3367900,230,3368400,130,3367800,135,3368700,132,3367700,40,3368800,287,3367600,114,3368900,50,3367500,40,3369000,200,3367400,174,3369100,60,3367300,244,3369200,65,3367200,193,3369300,140,3367100,153,3369400,140,3367000,150
3368300,32,3367900,230,3368400,130,3367800,135,3368700,132,3367700,40,3368800,287,3367600,114,3368900,50,3367500,40,3369000,200,3367400,174,3369100,60,3367300,244,3369200,65,3367200,193,3369300,140,3367100,153,3369400,140,3367000,150
3368300,32,3367900,230,3368400,130,3367800,135,3368700,132,3367700,40,3368800,287,3367600,114,3368900,50,3367500,40,3369000,200,3367400,174,3369100,60,3367300,244,3369200,65,3367200,193,3369300,140,3367100,153,3369400,140,3367000,150
3368300,32,3367900,230,3368400,130,3367800,135,3368700,132,3367700,40,3368800,287,3367600,114,3368900,50,3367500,40,3369000,200,3367400,174,3369100,60,3367300,244,3369200,65,3367200,193,3369300,140,3367100,153,3369400,140,3367000,150
3368300,32,3367900,230,3368400,130,3367800,135,3368700,132,3367700,40,3368800,287,3367600,114,3368900,50,3367500,40,3369000,200,3367400,174,3369100,60,3367300,244,3369200,65,3367200,193,3369300,140,3367100,153,3369400,140,3367000,150
3368300,32,3367900,230,3368400,130,3367800,135,3368700,132,3367700,40,3368800,287,3367600,114,3368900,50,3367500,40,3369000,200,3367400,174,3369100,60,3367300,244,3369200,65,3367200,193,3369300,140,3367100,153,3369400,140,3367000,150
3368300,32,3367900,230,3368400,130,3367800,135,3368700,132,3367700,40,3368800,287,3367600,114,3368900,50,3367500,40,3369000,200,3367400,174,3369100,60,3367300,244,3369200,65,3367200,193,3369300,140,3367100,153,3369400,140,3367000,150
3368300,32,3367900,230,3368400,130,3367800,135,3368700,132,3367700,40,3368800,287,3367600,114,3368900,50,3367500,40,3369000,200,3367400,174,3369100,60,3367300,244,3369200,65,3367200,193,3369300,140,3367100,153,3369400,140,3367000,150
3368300,32,3367900,230,3368400,130,3367800,135,3368700,132,3367700,40,3368800,287,3367600,114,3368900,50,3367500,40,3369000,200,3367400,174,3369100,60,3367300,244,3369200,65,3367200,193,3369300,140,3367100,153,3369400,140,3367000,150
3368300,32,3367900,230,3368400,130,3367800,135,3368700,132,3367700,40,3368800,287,3367600,114,3368900,50,3367500,40,3369000,200,3367400,174,3369100,60,3367300,244,3369200,65,3367200,193,3369300,140,3367100,153,3369400,140,3367000,150
3368300,32,3367900,230,3368400,130,3367800,135,3368700,132,3367700,40,3368800,287,3367600,114,3368900,50,3367500,40,3369000,200,3367400,174,3369100,60,3367300,244,3369200,65,3367200,193,3369300,140,3367100,153,3369400,140,3367000,150
3368300,32,3367900,230,3368400,130,3367800,135,3368700,132,3367700,40,3368800,287,3367600,114,3368900,50,3367500,40,3369000,200,3367400,174,3369100,60,3367300,244,3369200,65,3367200,193,3369300,140,3367100,153,3369400,140,3367000,150
3368300,32,3367900,230,3368400,130,3367800,135,3368700,132,3367700,40,3368800,287,3367600,114,3368900,50,3367500,40,3369000,200,3367400,174,3369100,60,3367300,244,3369200,65,3367200,193,3369300,140,3367100,153,3369400,140,3367000,150
3368300,32,3367900,230,3368400,130,3367800,135,3368700,132,3367700,40,3368800,287,3367600,114,3368900,50,3367500,40,3369000,200,3367400,174,3369100,60,3367300,244,3369200,65,3367200,193,3369300,140,3367100,153,3369400,140,3367000,150
3368300,32,3367900,230,3368400,130,3367800,135,3368700,132,3367700,40,3368800,287,3367600,114,3368900,50,3367500,40,3369000,200,3367400,174,3369100,60,3367300,244,3369200,65,3367200,193,3369300,140,3367100,153,3369400,140,3367000,150
3368300,32,3367900,230,3368400,130,3367800,135,3368700,132,3367700,40,3368800,287,3367600,114,3368900,50,3367500,40,3369000,200,3367400,174,3369100,60,3367300,244,3369200,65,3367200,193,3369300,140,3367100,153,3369400,140,3367000,150
3368300,32,3367900,230,3368400,130,3367800,135,3368700,132,3367700,40,3368800,287,3367600,114,3368900,50,3367500,40,3369000,200,3367400,174,3369100,60,3367300,244,3369200,65,3367200,193,3369300,140,3367100,153,3369400,140,3367000,150
3368300,32,3367900,230,3368400,130,3367800,135,3368700,132,3367700,40,3368800,287,3367600,114,3368900,50,3367500,40,3369000,200,3367400,174,3369100,60,3367300,244,3369200,65,3367200,193,3369300,140,3367100,153,3369400,140,3367000,150
3368300,32,3367900,230,3368400,130,3367800,135,3368700,132,3367700,40,3368800,287,3367600,114,3368900,50,3367500,40,3369000,200,3367400,174,3369100,60,3367300,244,3369200,65,3367200,193,3369300,140,3367100,153,3369400,140,3367000,150
3368300,32,3367900,230,3368400,130,3367800,135,3368600,100,3367700,40,3368700,132,3367600,114,3368800,287,3367500,40,3368900,50,3367400,174,3369000,200,3367300,244,3369100,60,3367200,193,3369200,65,3367100,153,3369300,140,3367000,150
3368300,32,3367900,230,3368400,130,3367800,135,3368600,100,3367700,40,3368700,132,3367600,114,3368800,287,3367500,40,3368900,50,3367400,174,3369000,200,3367300,244,3369100,60,3367200,193,3369200,65,3367100,153,3369300,140,3367000,150
3368300,32,3367900,230,3368400,130,3367800,135,3368500,10,3367700,40,3368600,100,3367600,114,3368700,132,3367500,40,3368800,287,3367400,174,3368900,50,3367300,244,3369000,200,3367200,193,3369100,60,3367100,153,3369200,65,3367000,150
3368300,32,3367900,230,3368400,130,3367800,135,3368500,10,3367700,40,3368600,100,3367600,114,3368700,132,3367500,40,3368800,287,3367400,174,3368900,50,3367300,244,3369000,200,3367200,193,3369100,60,3367100,53,3369200,65,3367000,150
3368300,32,3367900,230,3368400,130,3367800,125,3368500,10,3367700,40,3368600,100,3367600,114,3368700,132,3367500,40,3368800,287,3367400,174,3368900,50,3367300,244,3369000,200,3367200,193,3369100,60,3367100,53,3369200,65,3367000,150
3368200,9,3367900,230,3368300,32,3367800,125,3368400,130,3367700,40,3368500,10,3367600,114,3368600,100,3367500,40,3368700,132,3367400,174,3368800,287,3367300,244,3368900,50,3367200,193,3369000,200,3367100,53,3369100,60,3367000,150
3368200,34,3367900,230,3368300,32,3367800,125,3368400,130,3367700,40,3368500,10,3367600,114,3368600,100,3367500,40,3368700,132,3367400,174,3368800,287,3367300,244,3368900,50,3367200,193,3369000,200,3367100,53,3369100,60,3367000,150
3368200,134,3367900,230,3368300,32,3367800,125,3368400,130,3367700,40,3368500,10,3367600,114,3368600,100,3367500,40,3368700,132,3367400,174,3368800,287,3367300,244,3368900,50,3367200,193,3369000,200,3367100,53,3369100,60,3367000,150
3368200,174,3367900,230,3368300,32,3367800,125,3368400,130,3367700,40,3368500,10,3367600,114,3368600,100,3367500,40,3368700,132,3367400,174,3368800,287,3367300,244,3368900,50,3367200,193,3369000,200,3367100,53,3369100,60,3367000,150
3368200,174,3367900,230,3368300,32,3367800,125,3368400,130,3367700,40,3368500,10,3367600,114,3368600,100,3367500,40,3368700,132,3367400,174,3368800,287,3367300,244,3368900,50,3367200,193,3369000,200,3367100,53,3369100,60,3367000,150
3368200,174,3367900,230,3368300,32,3367800,125,3368400,130,3367700,40,3368500,10,3367600,114,3368600,100,3367500,40,3368700,132,3367400,174,3368800,287,3367300,244,3368900,50,3367200,193,3369000,200,3367100,53,3369100,60,3367000,150
3368200,174,3367900,230,3368300,32,3367800,125,3368400,130,3367700,40,3368500,10,3367600,114,3368600,100,3367500,40,3368700,132,3367400,174,3368800,287,3367300,244,3368900,50,3367200,193,3369000,200,3367100,53,3369100,60,3367000,150
3368200,174,3367900,230,3368300,32,3367800,125,3368400,130,3367700,40,3368500,10,3367600,114,3368600,100,3367500,40,3368700,132,3367400,174,3368800,287,3367300,244,3368900,50,3367200,193,3369000,200,3367100,53,3369100,60,3367000,150
3368200,174,3367900,230,3368300,32,3367800,125,3368400,130,3367700,40,3368500,10,3367600,114,3368600,100,3367500,40,3368700,132,3367400,174,3368800,287,3367300,244,3368900,50,3367200,193,3369000,200,3367100,53,3369100,60,3367000,150
3368200,174,3367900,230,3368300,32,3367800,125,3368400,130,3367700,40,3368500,10,3367600,114,3368600,100,3367500,40,3368700,132,3367400,174,3368800,287,3367300,244,3368900,50,3367200,193,3369000,200,3367100,53,3369100,60,3367000,150
3368200,174,3367900,230,3368300,32,3367800,125,3368400,130,3367700,40,3368500,10,3367600,114,3368600,100,3367500,40,3368700,132,3367400,174,3368800,287,3367300,244,3368900,50,3367200,193,3369000,200,3367100,53,3369100,60,3367000,150
3368200,174,3367900,230,3368300,32,3367800,125,3368400,130,3367700,40,3368500,10,3367600,114,3368600,100,3367500,40,3368700,132,3367400,174,3368800,287,3367300,244,3368900,50,3367200,193,3369000,200,3367100,53,3369100,60,3367000,150
3368200,174,3367900,230,3368300,32,3367800,125,3368400,130,3367700,40,3368500,10,3367600,114,3368600,100,3367500,40,3368700,132,3367400,174,3368800,287,3367300,244,3368900,50,3367200,193,3369000,200,3367100,53,3369100,60,3367000,150
3368200,174,3367900,230,3368300,32,3367800,125,3368400,130,3367700,40,3368500,10,3367600,114,3368600,100,3367500,40,3368700,132,3367400,174,3368800,287,3367300,244,3368900,50,3367200,193,3369000,200,3367100,53,3369100,60,3367000,150
3368200,174,3367900,230,3368300,32,3367800,125,3368400,130,3367700,40,3368500,10,3367600,114,3368600,100,3367500,40,3368700,132,3367400,174,3368800,287,3367300,244,3368900,50,3367200,193,3369000,200,3367100,53,3369100,60,3367000,150
3368200,174,3367900,230,3368300,32,3367800,125,3368400,130,3367700,40,3368500,10,3367600,114,3368600,100,3367500,40,3368700,132,3367400,174,3368800,287,3367300,244,3368900,50,3367200,193,3369000,200,3367100,53,3369100,60,3367000,150
3368200,174,3367900,230,3368300,32,3367800,125,3368400,130,3367700,40,3368500,10,3367600,114,3368600,100,3367500,40,3368700,132,3367400,174,3368800,287,3367300,244,3368900,50,3367200,193,3369000,100,3367100,53,3369100,60,3367000,150
3368200,174,3367900,230,3368300,32,3367800,125,3368400,130,3367700,40,3368500,10,3367600,114,3368600,100,3367500,40,3368700,232,3367400,174,3368800,287,3367300,244,3368900,50,3367200,193,3369000,100,3367100,53,3369100,60,3367000,150
3368200,174,3367900,230,3368300,32,3367800,125,3368400,130,3367700,40,3368500,10,3367600,114,3368600,100,3367500,40,3368700,232,3367400,174,3368800,287,3367300,244,3368900,50,3367200,193,3369000,100,3367100,53,3369100,60,3367000,150
3368200,174,3367900,230,3368300,32,3367800,125,3368400,130,3367700,40,3368500,10,3367600,114,3368600,100,3367500,40,3368700,232,3367400,174,3368800,287,3367300,244,3368900,50,3367200,193,3369000,100,3367100,53,3369100,60,3367000,150
3368200,174,3367900,230,3368300,32,3367800,125,3368400,130,3367700,40,3368500,10,3367600,114,3368600,100,3367500,40,3368700,232,3367400,174,3368800,287,3367300,244,3368900,50,3367200,193,3369000,100,3367100,53,3369100,60,3367000,150
3368200,174,3367900,230,3368300,32,3367800,125,3368400,130,3367700,40,3368500,10,3367600,114,3368600,100,3367500,40,3368700,232,3367400,174,3368800,287,3367300,244,3368900,50,3367200,193,3369000,100,3367100,53,3369100,60,3367000,150
3368200,174,3367900,230,3368300,32,3367800,125,3368400,130,3367700,40,3368500,10,3367600,114,3368600,100,3367500,40,3368700,232,3367400,174,3368800,287,3367300,244,3368900,50,3367200,193,3369000,100,3367100,53,3369100,60,3367000,150
3368200,174,3367900,230,3368300,32,3367800,125,3368400,130,3367700,40,3368500,10,3367600,114,3368600,100,3367500,40,3368700,232,3367400,174,3368800,287,3367300,244,3368900,50,3367200,193,3369000,100,3367100,53,3369100,60,3367000,150
3368200,174,3367900,230,3368300,32,3367800,125,3368400,130,3367700,40,3368500,10,3367600,114,3368600,100,3367500,40,3368700,232,3367400,174,3368800,287,3367300,244,3368900,50,3367200,193,3369000,100,3367100,53,3369100,60,3367000,150
3368200,174,3367900,230,3368300,32,3367800,125,3368400,130,3367700,40,3368500,10,3367600,114,3368600,100,3367500,40,3368700,232,3367400,174,3368800,287,3367300,244,3368900,50,3367200,193,3369000,100,3367100,53,3369100,60,3367000,150
3368200,174,3367900,230,3368300,32,3367800,125,3368400,130,3367700,40,3368500,10,3367600,114,3368600,100,3367500,40,3368700,232,3367400,174,3368800,287,3367300,244,3368900,50,3367200,193,3369000,100,3367100,53,3369100,60,3367000,150
3368200,174,3367900,230,3368300,32,3367800,125,3368400,130,3367700,40,3368500,10,3367600,114,3368600,100,3367500,40,3368700,232,3367400,174,3368800,287,3367300,244,3368900,50,3367200,193,3369000,100,3367100,53,3369100,60,3367000,150
3368200,174,3367900,230,3368300,32,3367800,125,3368400,130,3367700,40,3368500,10,3367600,114,3368600,100,3367500,40,3368700,232,3367400,174,3368800,287,3367300,244,3368900,50,3367200,193,3369000,100,3367100,53,3369100,60,3367000,150
3368200,174,3367900,230,3368300,32,3367800,125,3368400,130,3367700,40,3368500,10,3367600,114,3368600,100,3367500,40,3368700,232,3367400,174,3368800,287,3367300,244,3368900,50,3367200,193,3369000,100,3367100,53,3369100,60,3367000,150
3368200,174,3367900,230,3368300,32,3367800,125,3368400,130,3367700,40,3368500,10,3367600,114,3368600,100,3367500,40,3368700,232,3367400,174,3368800,287,3367300,244,3368900,50,3367200,193,3369000,100,3367100,53,3369100,60,3367000,150
3368200,174,3367900,230,3368300,32,3367800,125,3368400,130,3367700,40,3368500,10,3367600,114,3368600,100,3367500,40,3368700,232,3367400,174,3368800,287,3367300,244,3368900,50,3367200,193,3369000,100,3367100,53,3369100,60,3367000,150
3368200,174,3367900,230,3368300,32,3367800,125,3368400,130,3367700,40,3368500,10,3367600,114,3368600,100,3367500,40,3368700,232,3367400,174,3368800,287,3367300,244,3368900,50,3367200,193,3369000,100,3367100,53,3369100,60,3367000,150
3368200,174,3367900,230,3368300,32,3367800,125,3368400,130,3367700,40,3368500,10,3367600,114,3368600,100,3367500,40,3368700,232,3367400,174,3368800,287,3367300,244,3368900,50,3367200,193,3369000,100,3367100,53,3369100,60,3367000,150
3368200,174,3367900,230,3368300,32,3367800,125,3368400,130,3367700,40,3368500,10,3367600,114,3368600,100,3367500,40,3368700,232,3367400,174,3368800,287,3367300,244,3368900,50,3367200,193,3369000,100,3367100,53,3369100,60,3367000,150
3368200,174,3367900,230,3368300,32,3367800,125,3368400,130,3367700,40,3368500,10,3367600,114,3368600,100,3367500,40,3368700,232,3367400,174,3368800,287,3367300,244,3368900,50,3367200,193,3369000,100,3367100,53,3369100,60,3367000,150
3368200,174,3367900,230,3368300,32,3367800,125,3368400,130,3367700,40,3368500,10,3367600,114,3368600,100,3367500,40,3368700,232,3367400,174,3368800,287,3367300,244,3368900,50,3367200,193,3369000,100,3367100,53,3369100,60,3367000,150
3368200,174,3367900,230,3368300,32,3367800,125,3368400,130,3367700,40,3368500,10,3367600,114,3368600,100,3367500,40,3368700,232,3367400,174,3368800,287,3367300,244,3368900,50,3367200,193,3369000,100,3367100,53,3369100,60,3367000,150
3368200,174,3367900,230,3368300,32,3367800,125,3368400,130,3367700,40,3368500,10,3367600,114,3368600,100,3367500,40,3368700,232,3367400,174,3368800,287,3367300,244,3368900,50,3367200,193,3369000,100,3367100,53,3369100,60,3367000,150
3368200,174,3367900,230,3368300,32,3367800,125,3368400,130,3367700,40,3368500,10,3367600,114,3368600,100,3367500,40,3368700,232,3367400,174,3368800,287,3367300,244,3368900,50,3367200,193,3369000,100,3367100,53,3369100,60,3367000,150
3368200,174,3367900,230,3368300,32,3367800,125,3368400,130,3367700,40,3368500,10,3367600,114,3368600,100,3367500,40,3368700,232,3367400,174,3368800,287,3367300,244,3368900,50,3367200,193,3369000,100,3367100,53,3369100,60,3367000,150
3368200,174,3367900,230,3368300,132,3367800,125,3368400,130,3367700,40,3368500,10,3367600,114,3368600,100,3367500,40,3368700,232,3367400,174,3368800,287,3367300,244,3368900,50,3367200,193,3369000,100,3367100,53,3369100,60,3367000,150
3368200,174,3367900,230,3368300,132,3367800,125,3368400,130,3367700,40,3368500,10,3367600,114,3368600,100,3367500,40,3368700,232,3367400,174,3368800,287,3367300,244,3368900,50,3367200,193,3369000,100,3367100,53,3369100,60,3367000,150
3368200,196,3367900,230,3368300,132,3367800,125,3368400,130,3367700,40,3368500,10,3367600,114,3368600,100,3367500,40,3368700,232,3367400,174,3368800,287,3367300,244,3368900,50,3367200,193,3369000,100,3367100,53,3369100,60,3367000,150
3368200,196,3367900,230,3368300,132,3367800,125,3368400,130,3367700,40,3368500,10,3367600,114,3368600,100,3367500,40,3368700,232,3367400,174,3368800,287,3367300,244,3368900,50,3367200,193,3369000,100,3367100,53,3369100,60,3367000,150
3368200,196,3367900,230,3368300,132,3367800,125,3368400,130,3367700,40,3368500,10,3367600,114,3368600,100,3367500,40,3368700,232,3367400,174,3368800,287,3367300,244,3368900,50,3367200,193,3369000,100,3367100,53,3369100,60,3367000,150
3368200,196,3367900,230,3368300,132,3367800,125,3368400,130,3367700,40,3368500,10,3367600,114,3368600,100,3367500,40,3368700,232,3367400,174,3368800,287,3367300,244,3368900,50,3367200,193,3369000,100,3367100,53,3369100,60,3367000,150
3368200,196,3367900,230,3368300,132,3367800,125,3368400,130,3367700,40,3368500,10,3367600,114,3368600,100,3367500,40,3368700,232,3367400,174,3368800,287,3367300,244,3368900,50,3367200,193,3369000,100,3367100,53,3369100,60,3367000,150
3368200,196,3367900,230,3368300,132,3367800,125,3368400,130,3367700,40,3368500,10,3367600,114,3368600,100,3367500,40,3368700,232,3367400,174,3368800,287,3367300,244,3368900,50,3367200,193,3369000,100,3367100,53,3369100,60,3367000,150
3368200,196,3367900,230,3368300,132,3367800,125,3368400,130,3367700,40,3368500,10,3367600,114,3368600,100,3367500,40,3368700,232,3367400,174,3368800,287,3367300,244,3368900,50,3367200,193,3369000,100,3367100,53,3369100,60,3367000,150
3368200,196,3367900,230,3368300,132,3367800,125,3368400,130,3367700,40,3368500,10,3367600,114,3368600,100,3367500,40,3368700,232,3367400,174,3368800,287,3367300,244,3368900,50,3367200,193,3369000,100,3367100,53,3369100,60,3367000,150
3368200,196,3367900,230,3368300,132,3367800,125,3368400,130,3367700,40,3368500,10,3367600,114,3368600,100,3367500,40,3368700,232,3367400,174,3368800,287,3367300,244,3368900,50,3367200,193,3369000,100,3367100,53,3369100,60,3367000,150
3368200,196,3367900,230,3368300,132,3367800,125,3368400,130,3367700,40,3368500,10,3367600,114,3368600,100,3367500,40,3368700,232,3367400,174,3368800,287,3367300,244,3368900,50,3367200,193,3369000,100,3367100,53,3369100,60,3367000,150
3368200,196,3367900,230,3368300,132,3367800,125,3368400,130,3367700,40,3368500,10,3367600,114,3368600,100,3367500,40,3368700,232,3367400,174,3368800,287,3367300,244,3368900,50,3367200,193,3369000,200,3367100,53,3369100,60,3367000,150
3368200,196,3367900,230,3368300,132,3367800,125,3368400,130,3367700,40,3368500,10,3367600,14,3368600,100,3367500,40,3368700,232,3367400,174,3368800,287,3367300,244,3368900,50,3367200,193,3369000,200,3367100,53,3369100,60,3367000,150
3368200,196,3367900,230,3368300,132,3367800,125,3368400,130,3367700,40,3368500,10,3367600,14,3368600,100,3367500,40,3368700,232,3367400,274,3368800,287,3367300,244,3368900,50,3367200,193,3369000,200,3367100,53,3369100,60,3367000,150
3368200,196,3367900,230,3368300,132,3367800,125,3368400,130,3367700,40,3368500,10,3367600,14,3368600,100,3367500,40,3368700,232,3367400,274,3368800,287,3367300,244,3368900,50,3367200,193,3369000,200,3367100,53,3369100,60,3367000,50
3368200,196,3367900,230,3368300,132,3367800,125,3368400,130,3367700,40,3368500,10,3367600,4,3368600,100,3367500,40,3368700,232,3367400,274,3368800,287,3367300,244,3368900,50,3367200,193,3369000,200,3367100,53,3369100,60,3367000,50
3368200,196,3367900,230,3368300,132,3367800,115,3368400,130,3367700,40,3368500,10,3367600,4,3368600,100,3367500,40,3368700,232,3367400,274,3368800,287,3367300,244,3368900,50,3367200,193,3369000,200,3367100,53,3369100,60,3367000,50
3368200,196,3367900,230,3368300,132,3367800,100,3368400,130,3367700,40,3368500,10,3367600,4,3368600,100,3367500,40,3368700,232,3367400,274,3368800,287,3367300,244,3368900,50,3367200,193,3369000,200,3367100,53,3369100,60,3367000,50
3368200,196,3367900,230,3368300,132,3367800,100,3368400,130,3367700,40,3368500,10,3367600,4,3368600,100,3367500,40,3368700,232,3367400,274,3368800,287,3367300,244,3368900,50,3367200,193,3369000,200,3367100,53,3369100,60,3367000,50
