3364300,10,3361800,35,3364400,131,3361700,125,3364600,50,3361500,100,3364700,39,3361400,100,3364800,64,3361300,3,3364900,100,3360900,103,3365000,1966,3360700,10,3365200,100,3360500,4,3365500,125,3360400,10,3365700,38,3360200,4
3364300,10,3361800,35,3364400,109,3361700,125,3364600,50,3361500,100,3364700,39,3361400,100,3364800,64,3361300,3,3364900,100,3360900,103,3365000,1966,3360700,10,3365200,100,3360500,4,3365500,125,3360400,10,3365700,38,3360200,4
3364300,32,3361800,35,3364400,109,3361700,125,3364600,50,3361500,100,3364700,39,3361400,100,3364800,64,3361300,3,3364900,100,3360900,103,3365000,1966,3360700,10,3365200,100,3360500,4,3365500,125,3360400,10,3365700,38,3360200,4
3364200,10,3361800,35,3364300,32,3361700,125,3364400,109,3361500,100,3364600,50,3361400,100,3364700,39,3361300,3,3364800,64,3360900,103,3364900,100,3360700,10,3365000,1966,3360500,4,3365200,100,3360400,10,3365500,125,3360200,4
3364200,35,3361800,35,3364300,32,3361700,125,3364400,109,3361500,100,3364600,50,3361400,100,3364700,39,3361300,3,3364800,64,3360900,103,3364900,100,3360700,10,3365000,1966,3360500,4,3365200,100,3360400,10,3365500,125,3360200,4
3364200,35,3361800,35,3364300,32,3361700,125,3364400,109,3361500,100,3364600,50,3361400,100,3364700,39,3361300,3,3364800,64,3360900,103,3364900,100,3360700,10,3365000,1966,3360500,4,3365200,100,3360400,10,3365500,125,3360200,4
3364200,35,3361800,35,3364300,32,3361700,125,3364400,109,3361500,100,3364600,50,3361400,100,3364700,39,3361300,3,3364800,64,3360900,103,3364900,100,3360700,10,3365000,1966,3360500,4,3365200,100,3360400,10,3365500,125,3360200,4
3364200,35,3361800,35,3364300,32,3361700,125,3364400,109,3361500,100,3364600,50,3361400,100,3364700,39,3361300,3,3364800,64,3360900,103,3364900,100,3360700,10,3365000,1966,3360500,4,3365200,100,3360400,10,3365500,125,3360200,4
3364200,35,3361800,35,3364300,32,3361700,125,3364400,109,3361500,100,3364600,50,3361400,100,3364700,39,3361300,3,3364800,64,3360900,103,3364900,100,3360700,10,3365000,1966,3360500,4,3365200,100,3360400,10,3365500,125,3360200,4
3364200,35,3361800,35,3364300,32,3361700,125,3364400,109,3361500,100,3364600,50,3361400,100,3364700,39,3361300,3,3364800,64,3360900,103,3364900,100,3360700,10,3365000,1966,3360500,4,3365200,100,3360400,10,3365500,125,3360200,4
3364200,35,3361800,35,3364300,32,3361700,125,3364400,109,3361500,100,3364600,50,3361400,100,3364700,39,3361300,3,3364800,64,3360900,103,3364900,100,3360700,10,3365000,1966,3360500,4,3365200,100,3360400,10,3365500,125,3360200,4
3364200,35,3361800,35,3364300,32,3361700,125,3364400,109,3361500,100,3364600,50,3361400,100,3364700,39,3361300,3,3364800,64,3360900,103,3364900,100,3360700,10,3365000,1966,3360500,4,3365200,100,3360400,10,3365500,125,3360200,4
3364200,35,3361800,35,3364300,32,3361700,125,3364400,109,3361500,100,3364600,50,3361400,100,3364700,39,3361300,3,3364800,64,3360900,103,3364900,100,3360700,10,3365000,1966,3360500,4,3365200,100,3360400,10,3365500,125,3360200,4
3364200,35,3361800,35,3364300,32,3361700,125,3364400,109,3361500,100,3364600,50,3361400,100,3364700,39,3361300,3,3364800,64,3360900,103,3364900,100,3360700,10,3365000,1966,3360500,4,3365200,100,3360400,10,3365500,125,3360200,4
3364200,35,3361800,35,3364300,32,3361700,125,3364400,109,3361500,100,3364600,50,3361400,100,3364700,39,3361300,3,3364800,64,3360900,103,3364900,100,3360700,10,3365000,1966,3360500,4,3365200,100,3360400,10,3365500,125,3360200,4
3364200,35,3361800,35,3364300,32,3361700,125,3364400,109,3361500,100,3364600,50,3361400,100,3364700,39,3361300,3,3364800,64,3360900,103,3364900,100,3360700,10,3365000,1966,3360500,4,3365200,100,3360400,10,3365500,125,3360200,4
3364200,35,3361800,35,3364300,32,3361700,125,3364400,109,3361500,100,3364600,50,3361400,100,3364700,39,3361300,3,3364800,64,3360900,103,3364900,100,3360700,10,3365000,1966,3360500,4,3365200,100,3360400,10,3365500,125,3360200,4
3364200,35,3361800,35,3364300,32,3361700,125,3364400,109,3361500,100,3364600,50,3361400,100,3364700,39,3361300,3,3364800,64,3360900,103,3364900,100,3360700,10,3365000,1966,3360500,4,3365200,100,3360400,10,3365500,125,3360200,4
3364200,35,3361800,35,3364300,32,3361700,125,3364400,109,3361500,100,3364600,50,3361400,100,3364700,39,3361300,3,3364800,64,3360900,103,3364900,100,3360700,10,3365000,1966,3360500,4,3365200,100,3360400,10,3365500,125,3360200,4
3364200,35,3361800,35,3364300,32,3361700,125,3364400,109,3361500,100,3364600,50,3361400,100,3364700,39,3361300,3,3364800,64,3360900,103,3364900,100,3360700,10,3365000,1966,3360500,4,3365200,100,3360400,10,3365500,125,3360200,4
3364200,35,3361800,35,3364300,32,3361700,125,3364400,109,3361500,100,3364600,50,3361400,100,3364700,39,3361300,3,3364800,64,3360900,103,3364900,100,3360700,10,3365000,1966,3360500,4,3365200,100,3360400,10,3365500,125,3360200,4
3364200,35,3361800,35,3364300,32,3361700,125,3364400,109,3361500,100,3364600,50,3361400,100,3364700,39,3361300,3,3364800,64,3360900,103,3364900,100,3360700,10,3365000,1966,3360500,4,3365200,100,3360400,10,3365500,125,3360200,4
3364200,35,3361800,35,3364300,32,3361700,125,3364400,109,3361500,100,3364600,50,3361400,100,3364700,39,3361300,3,3364800,64,3360900,103,3364900,100,3360700,10,3365000,1966,3360500,4,3365200,100,3360400,10,3365500,125,3360200,4
3364200,35,3361800,35,3364300,32,3361700,125,3364400,109,3361500,100,3364600,50,3361400,100,3364700,39,3361300,3,3364800,64,3360900,103,3364900,100,3360700,10,3365000,1966,3360500,4,3365200,100,3360400,10,3365500,125,3360200,4
3364200,35,3361800,35,3364300,32,3361700,125,3364400,109,3361500,100,3364600,50,3361400,100,3364700,39,3361300,3,3364800,64,3360900,103,3364900,100,3360700,10,3365000,1966,3360500,4,3365200,100,3360400,10,3365500,125,3360200,4
3364200,35,3361800,35,3364300,32,3361700,125,3364400,109,3361500,100,3364600,50,3361400,100,3364700,39,3361300,3,3364800,64,3360900,103,3364900,100,3360700,10,3365000,1966,3360500,4,3365200,100,3360400,10,3365500,125,3360200,4
3364200,35,3361800,35,3364300,32,3361700,125,3364400,109,3361500,100,3364600,50,3361400,100,3364700,39,3361300,3,3364800,64,3360900,103,3364900,100,3360700,10,3365000,1966,3360500,4,3365200,100,3360400,10,3365500,125,3360200,4
3364200,35,3361800,35,3364300,32,3361700,125,3364400,109,3361500,100,3364600,50,3361400,100,3364700,39,3361300,3,3364800,64,3360900,103,3364900,100,3360700,10,3365000,1966,3360500,4,3365200,100,3360400,10,3365500,125,3360200,4
3364200,35,3361800,35,3364300,32,3361700,125,3364400,109,3361500,100,3364600,50,3361400,100,3364700,39,3361300,3,3364800,64,3360900,103,3364900,100,3360700,10,3365000,1966,3360500,4,3365200,100,3360400,10,3365500,125,3360200,4
3364200,35,3361800,35,3364300,32,3361700,125,3364400,109,3361500,100,3364600,50,3361400,100,3364700,39,3361300,3,3364800,64,3360900,103,3364900,100,3360700,10,3365000,1966,3360500,4,3365200,100,3360400,10,3365500,125,3360200,4
3364200,35,3361800,35,3364300,32,3361700,125,3364400,109,3361500,100,3364600,50,3361400,100,3364700,39,3361300,3,3364800,64,3360900,103,3364900,100,3360700,10,3365000,1966,3360500,4,3365200,100,3360400,10,3365500,125,3360200,4
3364200,35,3361800,35,3364300,32,3361700,125,3364400,109,3361500,100,3364600,50,3361400,100,3364700,39,3361300,3,3364800,64,3360900,103,3364900,100,3360700,10,3365000,1966,3360500,4,3365200,100,3360400,10,3365500,125,3360200,4
3364200,35,3361800,35,3364300,32,3361700,125,3364400,109,3361500,100,3364600,50,3361400,100,3364700,39,3361300,3,3364800,64,3360900,103,3364900,100,3360700,10,3365000,1966,3360500,4,3365200,100,3360400,10,3365500,125,3360200,4
3364200,35,3361800,35,3364300,32,3361700,125,3364400,109,3361500,100,3364600,50,3361400,100,3364700,39,3361300,3,3364800,64,3360900,103,3364900,100,3360700,10,3365000,1966,3360500,4,3365200,100,3360400,10,3365500,125,3360200,4
3364200,35,3361800,35,3364300,32,3361700,125,3364400,109,3361500,100,3364600,50,3361400,100,3364700,39,3361300,3,3364800,64,3360900,103,3364900,100,3360700,10,3365000,1966,3360500,4,3365200,100,3360400,10,3365500,125,3360200,4
3364200,35,3361800,35,3364300,32,3361700,125,3364400,109,3361500,100,3364600,50,3361400,100,3364700,39,3361300,3,3364800,64,3360900,103,3364900,100,3360700,10,3365000,1966,3360500,4,3365200,100,3360400,10,3365500,125,3360200,4
3364200,35,3361800,35,3364300,32,3361700,125,3364400,109,3361500,100,3364600,50,3361400,100,3364700,39,3361300,3,3364800,64,3360900,103,3364900,100,3360700,10,3365000,1966,3360500,4,3365200,100,3360400,10,3365500,125,3360200,4
3364200,35,3361800,101,3364300,32,3361700,125,3364400,109,3361500,100,3364600,50,3361400,100,3364700,39,3361300,3,3364800,64,3360900,103,3364900,100,3360700,10,3365000,1966,3360500,4,3365200,100,3360400,10,3365500,125,3360200,4
3364200,35,3361900,22,3364300,32,3361800,101,3364400,109,3361700,125,3364600,50,3361500,100,3364700,39,3361400,100,3364800,64,3361300,3,3364900,100,3360900,103,3365000,1966,3360700,10,3365200,100,3360500,4,3365500,125,3360400,10
3364200,35,3361900,47,3364300,32,3361800,101,3364400,109,3361700,125,3364600,50,3361500,100,3364700,39,3361400,100,3364800,64,3361300,3,3364900,100,3360900,103,3365000,1966,3360700,10,3365200,100,3360500,4,3365500,125,3360400,10
3364200,35,3362000,10,3364300,32,3361900,47,3364400,109,3361800,101,3364600,50,3361700,125,3364700,39,3361500,100,3364800,64,3361400,100,3364900,100,3361300,3,3365000,1966,3360900,103,3365200,100,3360700,10,3365500,125,3360500,4
3364200,35,3362000,10,3364300,32,3361900,47,3364400,109,3361800,91,3364600,50,3361700,125,3364700,39,3361500,100,3364800,64,3361400,100,3364900,100,3361300,3,3365000,1966,3360900,103,3365200,100,3360700,10,3365500,125,3360500,4
3364200,35,3362000,35,3364300,32,3361900,47,3364400,109,3361800,91,3364600,50,3361700,125,3364700,39,3361500,100,3364800,64,3361400,100,3364900,100,3361300,3,3365000,1966,3360900,103,3365200,100,3360700,10,3365500,125,3360500,4
3364200,35,3362000,35,3364300,32,3361900,47,3364400,109,3361800,91,3364600,50,3361700,125,3364700,39,3361500,100,3364800,64,3361400,100,3364900,100,3361300,3,3365000,1966,3360900,103,3365200,100,3360700,10,3365500,125,3360500,4
3364200,35,3362000,35,3364300,32,3361900,47,3364400,109,3361800,91,3364600,50,3361700,125,3364700,39,3361500,100,3364800,64,3361400,100,3364900,100,3361300,3,3365000,1966,3360900,103,3365200,100,3360700,10,3365500,125,3360500,4
3364200,35,3362000,35,3364300,32,3361900,47,3364400,109,3361800,91,3364600,50,3361700,125,3364700,39,3361500,100,3364800,64,3361400,100,3364900,100,3361300,3,3365000,1966,3360900,103,3365200,100,3360700,10,3365500,125,3360500,4
3364200,35,3362000,35,3364300,32,3361900,47,3364400,109,3361800,91,3364600,50,3361700,125,3364700,39,3361500,100,3364800,64,3361400,100,3364900,100,3361300,3,3365000,1966,3360900,103,3365200,100,3360700,10,3365500,125,3360500,4
3364200,35,3362000,35,3364300,32,3361900,47,3364400,109,3361800,91,3364600,50,3361700,125,3364700,39,3361500,100,3364800,64,3361400,100,3364900,100,3361300,3,3365000,1966,3360900,103,3365200,100,3360700,10,3365500,125,3360500,4
3364200,35,3362000,35,3364300,32,3361900,47,3364400,109,3361800,91,3364600,50,3361700,125,3364700,39,3361500,100,3364800,64,3361400,100,3364900,100,3361300,3,3365000,1966,3360900,103,3365200,100,3360700,10,3365500,125,3360500,4
3364200,35,3362000,35,3364300,32,3361900,25,3364400,109,3361800,91,3364600,50,3361700,125,3364700,39,3361500,100,3364800,64,3361400,100,3364900,100,3361300,3,3365000,1966,3360900,103,3365200,100,3360700,10,3365500,125,3360500,4
3364200,35,3362100,22,3364300,32,3362000,35,3364400,109,3361900,25,3364600,50,3361800,91,3364700,39,3361700,125,3364800,64,3361500,100,3364900,100,3361400,100,3365000,1966,3361300,3,3365200,100,3360900,103,3365500,125,3360700,10
3364200,35,3362100,47,3364300,32,3362000,35,3364400,109,3361900,25,3364600,50,3361800,91,3364700,39,3361700,125,3364800,64,3361500,100,3364900,100,3361400,100,3365000,1966,3361300,3,3365200,100,3360900,103,3365500,125,3360700,10
3364200,35,3362200,10,3364300,32,3362100,47,3364400,109,3362000,35,3364600,50,3361900,25,3364700,39,3361800,91,3364800,64,3361700,125,3364900,100,3361500,100,3365000,1966,3361400,100,3365200,100,3361300,3,3365500,125,3360900,103
3364200,35,3362200,10,3364300,32,3362100,50,3364400,109,3362000,35,3364600,50,3361900,25,3364700,39,3361800,91,3364800,64,3361700,125,3364900,100,3361500,100,3365000,1966,3361400,100,3365200,100,3361300,3,3365500,125,3360900,103
3364200,35,3362200,35,3364300,32,3362100,50,3364400,109,3362000,35,3364600,50,3361900,25,3364700,39,3361800,91,3364800,64,3361700,125,3364900,100,3361500,100,3365000,1966,3361400,100,3365200,100,3361300,3,3365500,125,3360900,103
3364200,35,3362200,35,3364300,32,3362100,50,3364400,109,3362000,35,3364600,50,3361900,25,3364700,39,3361800,91,3364800,64,3361700,125,3364900,100,3361500,100,3365000,1966,3361400,100,3365200,100,3361300,3,3365500,125,3360900,103
3364200,35,3362200,35,3364300,32,3362100,50,3364400,109,3362000,35,3364600,50,3361900,25,3364700,39,3361800,91,3364800,64,3361700,125,3364900,100,3361500,100,3365000,1966,3361400,100,3365200,100,3361300,3,3365500,125,3360900,103
3364200,35,3362200,35,3364300,32,3362100,50,3364400,109,3362000,35,3364600,50,3361900,25,3364700,39,3361800,91,3364800,64,3361700,125,3364900,100,3361500,100,3365000,1966,3361400,100,3365200,100,3361300,3,3365500,125,3360900,103
3364200,35,3362200,35,3364300,32,3362100,50,3364400,109,3362000,35,3364600,50,3361900,25,3364700,39,3361800,91,3364800,64,3361700,125,3364900,100,3361500,100,3365000,1966,3361400,100,3365200,100,3361300,3,3365500,125,3360900,103
3364200,35,3362200,35,3364300,32,3362100,50,3364400,109,3362000,35,3364600,50,3361900,25,3364700,39,3361800,91,3364800,64,3361700,125,3364900,100,3361500,100,3365000,1966,3361400,100,3365200,100,3361300,3,3365500,125,3360900,103
3364200,35,3362200,35,3364300,32,3362100,50,3364400,109,3362000,35,3364600,50,3361900,25,3364700,39,3361800,91,3364800,64,3361700,125,3364900,100,3361500,100,3365000,1966,3361400,100,3365200,100,3361300,3,3365500,125,3360900,103
3364200,35,3362200,35,3364300,32,3362100,50,3364400,109,3362000,35,3364600,50,3361900,25,3364700,39,3361800,91,3364800,64,3361700,125,3364900,100,3361500,100,3365000,1966,3361400,100,3365200,100,3361300,3,3365500,125,3360900,103
3364200,35,3362200,35,3364300,32,3362100,50,3364400,109,3362000,35,3364600,50,3361900,25,3364700,39,3361800,91,3364800,64,3361700,125,3364900,100,3361500,100,3365000,1966,3361400,100,3365200,100,3361300,3,3365500,125,3360900,103
3364200,35,3362200,35,3364300,32,3362100,50,3364400,109,3362000,35,3364600,50,3361900,25,3364700,39,3361800,91,3364800,64,3361700,125,3364900,100,3361500,100,3365000,1966,3361400,100,3365200,100,3361300,3,3365500,125,3360900,103
3364200,35,3362200,35,3364300,32,3362100,50,3364400,109,3362000,35,3364600,50,3361900,25,3364700,39,3361800,91,3364800,64,3361700,125,3364900,100,3361500,100,3365000,1966,3361400,100,3365200,100,3361300,3,3365500,125,3360900,103
3364200,35,3362200,35,3364300,32,3362100,50,3364400,109,3362000,35,3364600,50,3361900,25,3364700,39,3361800,91,3364800,64,3361700,125,3364900,100,3361500,100,3365000,1966,3361400,100,3365200,100,3361300,3,3365500,125,3360900,103
3364200,35,3362200,35,3364300,32,3362100,50,3364400,109,3362000,35,3364600,50,3361900,25,3364700,39,3361800,91,3364800,64,3361700,125,3364900,100,3361500,100,3365000,1966,3361400,100,3365200,100,3361300,3,3365500,125,3360900,103
3364200,35,3362200,35,3364300,32,3362100,50,3364400,109,3362000,35,3364600,50,3361900,25,3364700,39,3361800,91,3364800,64,3361700,125,3364900,100,3361500,100,3365000,1966,3361400,100,3365200,100,3361300,3,3365500,125,3360900,103
3364200,35,3362200,35,3364300,32,3362100,50,3364400,109,3362000,35,3364600,50,3361900,25,3364700,39,3361800,91,3364800,64,3361700,125,3364900,100,3361500,100,3365000,1966,3361400,100,3365200,100,3361300,3,3365500,125,3360900,103
3364200,35,3362200,35,3364300,32,3362100,50,3364400,109,3362000,35,3364600,50,3361900,25,3364700,39,3361800,91,3364800,64,3361700,125,3364900,100,3361500,100,3365000,1966,3361400,100,3365200,100,3361300,3,3365500,125,3360900,103
3364200,35,3362200,35,3364300,32,3362100,50,3364400,109,3362000,35,3364600,50,3361900,25,3364700,39,3361800,91,3364800,64,3361700,125,3364900,100,3361500,100,3365000,1966,3361400,100,3365200,100,3361300,3,3365500,125,3360900,103
3364200,35,3362200,35,3364300,32,3362100,50,3364400,109,3362000,35,3364600,50,3361900,25,3364700,39,3361800,91,3364800,64,3361700,125,3364900,100,3361500,100,3365000,1966,3361400,100,3365200,100,3361300,3,3365500,125,3360900,103
3364200,35,3362200,35,3364300,32,3362100,50,3364400,109,3362000,35,3364600,50,3361900,25,3364700,39,3361800,91,3364800,64,3361700,125,3364900,100,3361500,100,3365000,1966,3361400,100,3365200,100,3361300,3,3365500,125,3360900,103
3364200,35,3362200,35,3364300,32,3362100,50,3364400,109,3362000,35,3364600,50,3361900,25,3364700,39,3361800,91,3364800,64,3361700,125,3364900,100,3361500,100,3365000,1966,3361400,100,3365200,100,3361300,3,3365500,125,3360900,103
3364200,35,3362200,35,3364300,32,3362100,50,3364400,109,3362000,35,3364600,50,3361900,25,3364700,39,3361800,91,3364800,64,3361700,125,3364900,100,3361500,100,3365000,1966,3361400,100,3365200,100,3361300,3,3365500,125,3360900,103
3364200,35,3362200,35,3364300,32,3362100,28,3364400,109,3362000,35,3364600,50,3361900,25,3364700,39,3361800,91,3364800,64,3361700,125,3364900,100,3361500,100,3365000,1966,3361400,100,3365200,100,3361300,3,3365500,125,3360900,103
3364200,35,3362300,22,3364300,32,3362200,35,3364400,109,3362100,28,3364600,50,3362000,35,3364700,39,3361900,25,3364800,64,3361800,91,3364900,100,3361700,125,3365000,1966,3361500,100,3365200,100,3361400,100,3365500,125,3361300,3
3364200,35,3362300,25,3364300,32,3362200,35,3364400,109,3362100,28,3364600,50,3362000,35,3364700,39,3361900,25,3364800,64,3361800,91,3364900,100,3361700,125,3365000,1966,3361500,100,3365200,100,3361400,100,3365500,125,3361300,3
3364200,35,3362300,50,3364300,32,3362200,35,3364400,109,3362100,28,3364600,50,3362000,35,3364700,39,3361900,25,3364800,64,3361800,91,3364900,100,3361700,125,3365000,1966,3361500,100,3365200,100,3361400,100,3365500,125,3361300,3
3364200,35,3362300,50,3364300,32,3362200,35,3364400,32,3362100,28,3364600,50,3362000,35,3364700,39,3361900,25,3364800,64,3361800,91,3364900,100,3361700,125,3365000,1966,3361500,100,3365200,100,3361400,100,3365500,125,3361300,3
3364200,35,3362300,50,3364300,32,3362200,35,3364400,32,3362100,28,3364600,50,3362000,35,3364700,39,3361900,25,3364800,64,3361800,91,3364900,100,3361700,125,3365000,1966,3361500,100,3365200,100,3361400,100,3365500,125,3361300,3
3364200,35,3362400,10,3364300,32,3362300,50,3364400,32,3362200,35,3364600,50,3362100,28,3364700,39,3362000,35,3364800,64,3361900,25,3364900,100,3361800,91,3365000,1966,3361700,125,3365200,100,3361500,100,3365500,125,3361400,100
3364200,35,3362400,10,3364300,32,3362300,50,3364400,32,3362200,35,3364600,25,3362100,28,3364700,39,3362000,35,3364800,64,3361900,25,3364900,100,3361800,91,3365000,1966,3361700,125,3365200,100,3361500,100,3365500,125,3361400,100
3364200,35,3362400,10,3364300,32,3362300,50,3364400,32,3362200,35,3364600,25,3362100,28,3364700,39,3362000,35,3364800,64,3361900,25,3364900,100,3361800,91,3365000,1966,3361700,125,3365200,100,3361400,100,3365500,125,3361300,3
3364200,35,3362400,13,3364300,32,3362300,50,3364400,32,3362200,35,3364600,25,3362100,28,3364700,39,3362000,35,3364800,64,3361900,25,3364900,100,3361800,91,3365000,1966,3361700,125,3365200,100,3361400,100,3365500,125,3361300,3
3364200,35,3362400,38,3364300,32,3362300,50,3364400,32,3362200,35,3364600,25,3362100,28,3364700,39,3362000,35,3364800,64,3361900,25,3364900,100,3361800,91,3365000,1966,3361700,125,3365200,100,3361400,100,3365500,125,3361300,3
3364200,35,3362500,20,3364300,32,3362400,38,3364400,32,3362300,50,3364600,25,3362200,35,3364700,39,3362100,28,3364800,64,3362000,35,3364900,100,3361900,25,3365000,1966,3361800,91,3365200,100,3361700,125,3365500,125,3361400,100
3364200,35,3362500,20,3364300,32,3362400,38,3364400,32,3362300,50,3364600,25,3362200,35,3364700,39,3362100,28,3364800,64,3362000,35,3364900,100,3361900,25,3365000,1991,3361800,91,3365200,100,3361700,125,3365500,125,3361400,100
3364200,35,3362500,20,3364300,32,3362400,38,3364400,32,3362300,50,3364600,25,3362200,35,3364700,39,3362100,28,3364800,64,3362000,35,3364900,100,3361900,25,3365000,1991,3361800,91,3365200,100,3361700,125,3365500,125,3361400,100
3364200,35,3362500,20,3364300,32,3362400,38,3364400,32,3362300,50,3364600,25,3362200,35,3364700,39,3362100,28,3364800,64,3362000,35,3364900,100,3361900,25,3365000,1991,3361800,91,3365200,100,3361700,125,3365500,125,3361400,100
3364200,35,3362500,20,3364300,32,3362400,38,3364400,32,3362300,50,3364600,25,3362200,35,3364700,39,3362100,28,3364800,64,3362000,35,3364900,100,3361900,25,3365000,1991,3361800,91,3365200,100,3361700,125,3365500,125,3361400,100
3364200,35,3362500,20,3364300,32,3362400,38,3364400,32,3362300,50,3364600,25,3362200,35,3364700,39,3362100,28,3364800,64,3362000,35,3364900,100,3361900,25,3365000,1991,3361800,91,3365200,100,3361700,125,3365500,125,3361400,100
3364200,35,3362500,20,3364300,32,3362400,38,3364400,32,3362300,50,3364600,25,3362200,35,3364700,39,3362100,28,3364800,64,3362000,35,3364900,100,3361900,25,3365000,1991,3361800,91,3365200,100,3361700,125,3365500,125,3361400,100
3364200,35,3362500,20,3364300,32,3362400,38,3364400,32,3362300,50,3364600,25,3362200,35,3364700,39,3362100,28,3364800,64,3362000,35,3364900,100,3361900,25,3365000,1991,3361800,91,3365200,100,3361700,125,3365500,125,3361400,100
3364200,35,3362500,20,3364300,32,3362400,38,3364400,32,3362300,50,3364600,25,3362200,35,3364700,39,3362100,28,3364800,64,3362000,35,3364900,100,3361900,25,3365000,1991,3361800,91,3365200,100,3361700,125,3365500,125,3361400,100
3364200,35,3362500,20,3364300,32,3362400,38,3364400,32,3362300,50,3364600,25,3362200,35,3364700,39,3362100,28,3364800,64,3362000,35,3364900,100,3361900,25,3365000,1991,3361800,91,3365200,100,3361700,125,3365500,125,3361400,100
3364200,35,3362500,20,3364300,32,3362400,38,3364400,32,3362300,50,3364600,25,3362200,35,3364700,39,3362100,28,3364800,64,3362000,35,3364900,100,3361900,25,3365000,1991,3361800,91,3365200,100,3361700,125,3365500,125,3361400,100
3364200,35,3362500,20,3364300,32,3362400,38,3364400,32,3362300,50,3364600,25,3362200,35,3364700,39,3362100,28,3364800,64,3362000,35,3364900,100,3361900,25,3365000,1991,3361800,91,3365200,100,3361700,125,3365500,125,3361400,100
3364200,35,3362500,20,3364300,32,3362400,38,3364400,32,3362300,50,3364600,25,3362200,35,3364700,39,3362100,28,3364800,64,3362000,35,3364900,100,3361900,25,3365000,1991,3361800,91,3365200,100,3361700,125,3365500,125,3361400,100
3364200,35,3362500,20,3364300,32,3362400,38,3364400,32,3362300,50,3364600,25,3362200,35,3364700,39,3362100,28,3364800,64,3362000,35,3364900,100,3361900,25,3365000,1991,3361800,91,3365200,100,3361700,125,3365500,125,3361400,100
3364200,35,3362500,23,3364300,32,3362400,38,3364400,32,3362300,50,3364600,25,3362200,35,3364700,39,3362100,28,3364800,64,3362000,35,3364900,100,3361900,25,3365000,1991,3361800,91,3365200,100,3361700,125,3365500,125,3361400,100
3364200,35,3362500,48,3364300,32,3362400,38,3364400,32,3362300,50,3364600,25,3362200,35,3364700,39,3362100,28,3364800,64,3362000,35,3364900,100,3361900,25,3365000,1991,3361800,91,3365200,100,3361700,125,3365500,125,3361400,100
3364200,35,3362500,48,3364300,32,3362400,38,3364400,32,3362300,50,3364600,25,3362200,35,3364700,39,3362100,28,3364800,64,3362000,35,3364900,100,3361900,25,3365000,1991,3361800,91,3365200,100,3361700,125,3365500,125,3361400,100
3364200,35,3362500,48,3364300,32,3362400,38,3364400,32,3362300,50,3364600,25,3362200,35,3364700,39,3362100,28,3364800,64,3362000,35,3364900,100,3361900,25,3365000,1991,3361800,91,3365200,100,3361700,125,3365500,125,3361400,100
3364200,35,3362500,48,3364300,32,3362400,38,3364400,32,3362300,50,3364600,25,3362200,35,3364700,39,3362100,28,3364800,64,3362000,35,3364900,100,3361900,25,3365000,1991,3361800,91,3365200,100,3361700,125,3365500,125,3361400,100
3364200,35,3362500,48,3364300,32,3362400,38,3364400,32,3362300,50,3364600,25,3362200,35,3364700,39,3362100,28,3364800,64,3362000,35,3364900,100,3361900,25,3365000,1991,3361800,91,3365200,100,3361700,125,3365500,125,3361400,100
3364200,35,3362500,48,3364300,32,3362400,38,3364400,32,3362300,50,3364600,25,3362200,35,3364700,39,3362100,28,3364800,64,3362000,35,3364900,100,3361900,25,3365000,1991,3361800,91,3365200,100,3361700,125,3365500,125,3361400,100
3364200,35,3362500,48,3364300,32,3362400,38,3364400,32,3362300,50,3364600,25,3362200,35,3364700,39,3362100,28,3364800,64,3362000,35,3364900,100,3361900,25,3365000,1991,3361800,91,3365200,100,3361700,125,3365500,125,3361400,100
3364200,35,3362600,10,3364300,32,3362500,48,3364400,32,3362400,38,3364600,25,3362300,50,3364700,39,3362200,35,3364800,64,3362100,28,3364900,100,3362000,35,3365000,1991,3361900,25,3365200,100,3361800,91,3365500,125,3361700,125
3364200,35,3362600,10,3364300,32,3362500,48,3364400,32,3362400,38,3364600,25,3362300,50,3364700,39,3362200,35,3364800,64,3362100,28,3364900,100,3362000,35,3365000,1991,3361900,25,3365200,100,3361800,91,3365500,125,3361700,125
3364200,35,3362600,10,3364300,32,3362500,48,3364400,32,3362400,38,3364600,25,3362300,50,3364700,39,3362200,35,3364800,64,3362100,28,3364900,100,3362000,35,3365000,1991,3361900,25,3365200,100,3361800,91,3365500,125,3361700,125
3364200,35,3362600,10,3364300,32,3362500,48,3364400,32,3362400,38,3364600,25,3362300,50,3364700,39,3362200,35,3364800,64,3362100,28,3364900,100,3362000,35,3365000,1991,3361900,25,3365200,100,3361800,91,3365500,125,3361700,125
3364200,35,3362600,10,3364300,32,3362500,48,3364400,32,3362400,38,3364600,25,3362300,50,3364700,39,3362200,35,3364800,64,3362100,28,3364900,100,3362000,35,3365000,1991,3361900,25,3365200,100,3361800,91,3365500,125,3361700,125
3364200,35,3362600,10,3364300,32,3362500,48,3364400,32,3362400,38,3364600,25,3362300,50,3364700,39,3362200,35,3364800,64,3362100,28,3364900,100,3362000,35,3365000,1991,3361900,25,3365200,100,3361800,91,3365500,125,3361700,125
3364200,35,3362600,10,3364300,32,3362500,48,3364400,32,3362400,38,3364600,25,3362300,50,3364700,39,3362200,35,3364800,64,3362100,28,3364900,100,3362000,35,3365000,1991,3361900,25,3365200,100,3361800,91,3365500,125,3361700,125
3364200,25,3362600,10,3364300,32,3362500,48,3364400,32,3362400,38,3364600,25,3362300,50,3364700,39,3362200,35,3364800,64,3362100,28,3364900,100,3362000,35,3365000,1991,3361900,25,3365200,100,3361800,91,3365500,125,3361700,125
3364200,25,3362600,13,3364300,32,3362500,48,3364400,32,3362400,38,3364600,25,3362300,50,3364700,39,3362200,35,3364800,64,3362100,28,3364900,100,3362000,35,3365000,1991,3361900,25,3365200,100,3361800,91,3365500,125,3361700,125
3364200,25,3362600,38,3364300,32,3362500,48,3364400,32,3362400,38,3364600,25,3362300,50,3364700,39,3362200,35,3364800,64,3362100,28,3364900,100,3362000,35,3365000,1991,3361900,25,3365200,100,3361800,91,3365500,125,3361700,125
3364200,25,3362600,38,3364300,32,3362500,48,3364400,32,3362400,38,3364600,25,3362300,28,3364700,39,3362200,35,3364800,64,3362100,28,3364900,100,3362000,35,3365000,1991,3361900,25,3365200,100,3361800,91,3365500,125,3361700,125
3364200,25,3362600,60,3364300,32,3362500,48,3364400,32,3362400,38,3364600,25,3362300,28,3364700,39,3362200,35,3364800,64,3362100,28,3364900,100,3362000,35,3365000,1991,3361900,25,3365200,100,3361800,91,3365500,125,3361700,125
3364200,25,3362600,60,3364300,32,3362500,48,3364400,32,3362400,38,3364600,25,3362300,28,3364700,39,3362200,35,3364800,64,3362100,28,3364900,100,3362000,35,3365000,1991,3361900,25,3365200,100,3361800,91,3365500,125,3361700,125
3364200,25,3362600,60,3364300,32,3362500,48,3364400,32,3362400,38,3364600,25,3362300,28,3364700,39,3362200,35,3364800,64,3362100,28,3364900,100,3362000,35,3365000,1991,3361900,25,3365200,100,3361800,91,3365500,125,3361700,125
3364200,25,3362600,60,3364300,32,3362500,48,3364400,32,3362400,38,3364600,25,3362300,28,3364700,39,3362200,35,3364800,64,3362100,28,3364900,100,3362000,35,3365000,1991,3361900,25,3365200,100,3361800,91,3365500,125,3361700,125
3364200,25,3362600,60,3364300,32,3362500,48,3364400,32,3362400,38,3364600,25,3362300,28,3364700,39,3362200,35,3364800,64,3362100,28,3364900,100,3362000,35,3365000,1991,3361900,25,3365200,100,3361800,91,3365500,125,3361700,125
3364200,25,3362600,60,3364300,32,3362500,48,3364400,32,3362400,38,3364600,25,3362300,28,3364700,39,3362200,35,3364800,64,3362100,28,3364900,100,3362000,35,3365000,1991,3361900,25,3365200,100,3361800,91,3365500,125,3361700,125
3364200,25,3362600,60,3364300,32,3362500,48,3364400,32,3362400,38,3364600,25,3362300,28,3364700,39,3362200,35,3364800,64,3362100,28,3364900,100,3362000,35,3365000,1991,3361900,25,3365200,100,3361800,91,3365500,125,3361700,125
3364200,25,3362600,60,3364300,32,3362500,48,3364400,32,3362400,38,3364600,25,3362300,28,3364700,39,3362200,35,3364800,64,3362100,28,3364900,100,3362000,35,3365000,1991,3361900,25,3365200,100,3361800,91,3365500,125,3361700,125
3364200,25,3362600,60,3364300,10,3362500,48,3364400,32,3362400,38,3364600,25,3362300,28,3364700,39,3362200,35,3364800,64,3362100,28,3364900,100,3362000,35,3365000,1991,3361900,25,3365200,100,3361800,91,3365500,125,3361700,125
3364200,25,3362600,60,3364300,10,3362500,48,3364400,32,3362400,38,3364600,25,3362300,28,3364700,39,3362200,35,3364800,64,3362100,28,3364900,100,3362000,35,3365000,1991,3361900,25,3365200,100,3361800,91,3365500,125,3361700,125
3364200,25,3362600,60,3364300,10,3362500,48,3364400,32,3362400,38,3364600,25,3362300,28,3364700,39,3362200,35,3364800,64,3362100,28,3364900,100,3362000,35,3365000,1991,3361900,25,3365200,100,3361800,91,3365500,125,3361700,125
3364200,25,3362600,60,3364300,10,3362500,48,3364400,32,3362400,38,3364600,25,3362300,28,3364700,39,3362200,35,3364800,64,3362100,28,3364900,100,3362000,35,3365000,1991,3361900,25,3365200,100,3361800,91,3365500,125,3361700,125
3364200,25,3362600,60,3364300,10,3362500,48,3364400,32,3362400,38,3364600,25,3362300,28,3364700,39,3362200,35,3364800,64,3362100,28,3364900,100,3362000,35,3365000,1991,3361900,25,3365200,100,3361800,91,3365500,125,3361700,125
3364200,25,3362600,60,3364300,10,3362500,48,3364400,32,3362400,38,3364600,25,3362300,28,3364700,39,3362200,35,3364800,64,3362100,28,3364900,100,3362000,35,3365000,1991,3361900,25,3365200,100,3361800,91,3365500,125,3361700,125
3364200,25,3362600,60,3364300,10,3362500,48,3364400,32,3362400,38,3364600,25,3362300,28,3364700,39,3362200,35,3364800,64,3362100,28,3364900,100,3362000,35,3365000,1991,3361900,25,3365200,100,3361800,91,3365500,125,3361700,125
3364200,25,3362600,60,3364300,10,3362500,48,3364400,32,3362400,38,3364600,25,3362300,28,3364700,39,3362200,35,3364800,64,3362100,28,3364900,100,3362000,35,3365000,1991,3361900,25,3365200,100,3361800,91,3365500,125,3361700,125
3364200,25,3362600,60,3364300,10,3362500,48,3364400,32,3362400,38,3364600,25,3362300,28,3364700,39,3362200,35,3364800,64,3362100,28,3364900,100,3362000,35,3365000,1991,3361900,25,3365200,100,3361800,91,3365500,125,3361700,125
3364200,25,3362600,60,3364300,10,3362500,48,3364400,32,3362400,38,3364600,25,3362300,28,3364700,39,3362200,35,3364800,64,3362100,28,3364900,100,3362000,35,3365000,1991,3361900,25,3365200,100,3361800,91,3365500,125,3361700,125
3364200,25,3362600,60,3364300,10,3362500,48,3364400,32,3362400,38,3364600,25,3362300,28,3364700,39,3362200,35,3364800,64,3362100,28,3364900,100,3362000,35,3365000,1991,3361900,25,3365200,100,3361800,91,3365500,125,3361700,125
3364200,25,3362600,60,3364300,10,3362500,48,3364400,32,3362400,38,3364600,25,3362300,28,3364700,39,3362200,35,3364800,64,3362100,28,3364900,100,3362000,35,3365000,1991,3361900,25,3365200,100,3361800,91,3365500,125,3361700,125
3364200,25,3362600,60,3364300,10,3362500,48,3364400,32,3362400,38,3364600,25,3362300,28,3364700,39,3362200,35,3364800,64,3362100,28,3364900,100,3362000,35,3365000,1991,3361900,25,3365200,100,3361800,91,3365500,125,3361700,125
3364200,25,3362600,60,3364300,10,3362500,48,3364400,32,3362400,38,3364600,25,3362300,28,3364700,39,3362200,35,3364800,64,3362100,28,3364900,100,3362000,35,3365000,1991,3361900,25,3365200,100,3361800,91,3365500,125,3361700,125
3364200,25,3362600,60,3364300,10,3362500,48,3364400,32,3362400,38,3364600,25,3362300,28,3364700,39,3362200,35,3364800,64,3362100,28,3364900,100,3362000,35,3365000,1991,3361900,25,3365200,100,3361800,91,3365500,125,3361700,125
3364200,25,3362600,60,3364300,10,3362500,48,3364400,32,3362400,38,3364600,25,3362300,28,3364700,39,3362200,35,3364800,64,3362100,28,3364900,100,3362000,35,3365000,1991,3361900,25,3365200,100,3361800,91,3365500,125,3361700,125
3364200,25,3362600,60,3364300,10,3362500,48,3364400,32,3362400,38,3364600,25,3362300,28,3364700,39,3362200,35,3364800,64,3362100,28,3364900,100,3362000,35,3365000,1991,3361900,25,3365200,100,3361800,91,3365500,125,3361700,125
3364200,25,3362600,60,3364300,10,3362500,48,3364400,32,3362400,38,3364600,25,3362300,28,3364700,39,3362200,35,3364800,64,3362100,28,3364900,100,3362000,35,3365000,1991,3361900,25,3365200,100,3361800,91,3365500,125,3361700,125
3364200,25,3362600,60,3364300,10,3362500,48,3364400,32,3362400,38,3364600,25,3362300,28,3364700,39,3362200,35,3364800,64,3362100,28,3364900,100,3362000,35,3365000,1991,3361900,25,3365200,100,3361800,91,3365500,125,3361700,125
3364200,25,3362600,60,3364300,10,3362500,48,3364400,32,3362400,38,3364600,25,3362300,28,3364700,39,3362200,35,3364800,64,3362100,28,3364900,100,3362000,35,3365000,1991,3361900,25,3365200,100,3361800,91,3365500,125,3361700,125
3364200,25,3362600,60,3364300,10,3362500,48,3364400,32,3362400,38,3364600,25,3362300,28,3364700,39,3362200,35,3364800,64,3362100,28,3364900,100,3362000,35,3365000,1991,3361900,25,3365200,100,3361800,91,3365500,125,3361700,125
3364200,25,3362600,60,3364300,10,3362500,48,3364400,32,3362400,38,3364600,25,3362300,28,3364700,39,3362200,35,3364800,64,3362100,28,3364900,100,3362000,35,3365000,1991,3361900,25,3365200,100,3361800,91,3365500,125,3361700,125
3364200,25,3362600,60,3364300,10,3362500,48,3364400,32,3362400,38,3364600,25,3362300,28,3364700,39,3362200,35,3364800,64,3362100,28,3364900,100,3362000,35,3365000,1991,3361900,25,3365200,100,3361800,91,3365500,125,3361700,125
3364200,25,3362600,60,3364300,10,3362500,48,3364400,32,3362400,38,3364600,25,3362300,28,3364700,39,3362200,35,3364800,64,3362100,28,3364900,100,3362000,35,3365000,1991,3361900,25,3365200,100,3361800,91,3365500,125,3361700,125
3364200,25,3362600,60,3364300,10,3362500,48,3364400,32,3362400,38,3364600,25,3362300,28,3364700,39,3362200,35,3364800,64,3362100,28,3364900,100,3362000,35,3365000,1991,3361900,25,3365200,100,3361800,91,3365500,125,3361700,125
3364200,25,3362600,60,3364300,10,3362500,48,3364400,32,3362400,38,3364600,25,3362300,28,3364700,39,3362200,35,3364800,64,3362100,28,3364900,100,3362000,35,3365000,1991,3361900,25,3365200,100,3361800,91,3365500,125,3361700,125
3364200,25,3362600,60,3364300,10,3362500,48,3364400,32,3362400,38,3364600,25,3362300,28,3364700,39,3362200,35,3364800,64,3362100,28,3364900,100,3362000,35,3365000,1991,3361900,25,3365200,100,3361800,91,3365500,125,3361700,125
3364200,25,3362600,60,3364300,10,3362500,48,3364400,32,3362400,38,3364600,25,3362300,28,3364700,39,3362200,35,3364800,64,3362100,28,3364900,100,3362000,35,3365000,1991,3361900,25,3365200,100,3361800,91,3365500,125,3361700,125
3364200,25,3362600,60,3364300,10,3362500,48,3364400,32,3362400,38,3364600,25,3362300,28,3364700,39,3362200,35,3364800,64,3362100,28,3364900,100,3362000,35,3365000,1991,3361900,25,3365200,100,3361800,91,3365500,125,3361700,125
3364200,25,3362600,60,3364300,10,3362500,48,3364400,32,3362400,38,3364600,25,3362300,28,3364700,39,3362200,35,3364800,64,3362100,28,3364900,100,3362000,35,3365000,1991,3361900,25,3365200,100,3361800,91,3365500,125,3361700,125
3364200,25,3362600,60,3364300,10,3362500,48,3364400,32,3362400,38,3364600,25,3362300,28,3364700,39,3362200,35,3364800,64,3362100,28,3364900,100,3362000,35,3365000,1991,3361900,25,3365200,100,3361800,91,3365500,125,3361700,125
3364200,25,3362600,60,3364300,10,3362500,48,3364400,32,3362400,38,3364600,25,3362300,28,3364700,39,3362200,35,3364800,64,3362100,28,3364900,100,3362000,35,3365000,1991,3361900,25,3365200,100,3361800,91,3365500,125,3361700,125
3364200,25,3362600,60,3364300,10,3362500,48,3364400,32,3362400,38,3364600,25,3362300,28,3364700,39,3362200,35,3364800,64,3362100,28,3364900,100,3362000,35,3365000,1991,3361900,25,3365200,100,3361800,91,3365500,125,3361700,125
3364200,25,3362600,60,3364300,10,3362500,48,3364400,32,3362400,38,3364600,25,3362300,28,3364700,39,3362200,35,3364800,64,3362100,28,3364900,100,3362000,35,3365000,1991,3361900,25,3365200,100,3361800,91,3365500,134,3361700,125
3364200,25,3362600,60,3364300,10,3362500,48,3364400,32,3362400,38,3364600,25,3362300,28,3364700,39,3362200,35,3364800,64,3362100,28,3364900,100,3362000,35,3365000,1991,3361900,25,3365200,100,3361800,91,3365500,125,3361700,125
3364200,25,3362600,60,3364300,10,3362500,48,3364400,25,3362400,38,3364600,25,3362300,28,3364700,39,3362200,35,3364800,64,3362100,28,3364900,100,3362000,35,3365000,1991,3361900,25,3365200,100,3361800,91,3365500,125,3361700,125
3364200,25,3362700,100,3364300,10,3362600,60,3364400,25,3362500,48,3364600,25,3362400,38,3364700,39,3362300,28,3364800,64,3362200,35,3364900,100,3362100,28,3365000,1991,3362000,35,3365200,100,3361900,25,3365500,125,3361800,91
3364200,25,3362700,100,3364300,10,3362600,60,3364400,25,3362500,48,3364600,25,3362400,38,3364700,39,3362300,28,3364800,64,3362200,35,3364900,100,3362100,28,3365000,1991,3362000,35,3365200,100,3361900,25,3365500,125,3361800,91
3364200,25,3362700,125,3364300,10,3362600,60,3364400,25,3362500,48,3364600,25,3362400,38,3364700,39,3362300,28,3364800,64,3362200,35,3364900,100,3362100,28,3365000,1991,3362000,35,3365200,100,3361900,25,3365500,125,3361800,91
3364200,25,3362800,10,3364300,10,3362700,125,3364400,25,3362600,60,3364600,25,3362500,48,3364700,39,3362400,38,3364800,64,3362300,28,3364900,100,3362200,35,3365000,1991,3362100,28,3365200,100,3362000,35,3365500,125,3361900,25
3364200,25,3362800,10,3364300,10,3362700,125,3364400,25,3362600,50,3364600,25,3362500,48,3364700,39,3362400,38,3364800,64,3362300,28,3364900,100,3362200,35,3365000,1991,3362100,28,3365200,100,3362000,35,3365500,125,3361900,25
3364200,25,3362800,10,3364400,25,3362700,125,3364600,25,3362600,50,3364700,39,3362500,48,3364800,64,3362400,38,3364900,100,3362300,28,3365000,1991,3362200,35,3365200,100,3362100,28,3365500,125,3362000,35,3365700,35,3361900,25
3364200,25,3362800,13,3364400,25,3362700,125,3364600,25,3362600,50,3364700,39,3362500,48,3364800,64,3362400,38,3364900,100,3362300,28,3365000,1991,3362200,35,3365200,100,3362100,28,3365500,125,3362000,35,3365700,35,3361900,25
3364200,25,3362800,13,3364400,25,3362700,125,3364600,25,3362600,50,3364700,39,3362500,48,3364800,64,3362400,38,3364900,100,3362300,28,3365000,1991,3362200,35,3365200,100,3362100,28,3365500,125,3362000,35,3365700,35,3361900,25
3364200,25,3362800,38,3364400,25,3362700,125,3364600,25,3362600,50,3364700,39,3362500,48,3364800,64,3362400,38,3364900,100,3362300,28,3365000,1991,3362200,35,3365200,100,3362100,28,3365500,125,3362000,35,3365700,35,3361900,25
3364200,25,3362800,38,3364400,25,3362700,125,3364600,25,3362600,50,3364700,14,3362500,48,3364800,64,3362400,38,3364900,100,3362300,28,3365000,1991,3362200,35,3365200,100,3362100,28,3365500,125,3362000,35,3365700,35,3361900,25
3364200,25,3362800,38,3364400,25,3362700,125,3364600,25,3362600,50,3364700,14,3362500,48,3364800,64,3362400,38,3364900,100,3362300,28,3365000,1991,3362200,35,3365200,125,3362100,28,3365500,125,3362000,35,3365700,35,3361900,25
3364200,25,3362800,38,3364400,25,3362700,125,3364600,25,3362600,28,3364700,14,3362500,48,3364800,64,3362400,38,3364900,100,3362300,28,3365000,1991,3362200,35,3365200,125,3362100,28,3365500,125,3362000,35,3365700,35,3361900,25
3364200,25,3362800,60,3364400,25,3362700,125,3364600,25,3362600,28,3364700,14,3362500,48,3364800,64,3362400,38,3364900,100,3362300,28,3365000,1991,3362200,35,3365200,125,3362100,28,3365500,125,3362000,35,3365700,35,3361900,25
3364200,25,3362800,60,3364400,25,3362700,125,3364600,25,3362600,28,3364700,14,3362500,48,3364800,64,3362400,38,3364900,100,3362300,28,3365000,1991,3362200,35,3365200,125,3362100,28,3365500,125,3362000,35,3365700,35,3361900,25
3364200,25,3362800,60,3364400,25,3362700,125,3364600,25,3362600,28,3364700,14,3362500,48,3364800,64,3362400,38,3364900,100,3362300,28,3365000,1991,3362200,35,3365200,125,3362100,28,3365500,125,3362000,35,3365700,35,3361900,25
3364200,25,3362800,60,3364400,25,3362700,125,3364600,25,3362600,28,3364700,14,3362500,48,3364800,64,3362400,38,3364900,100,3362300,28,3365000,1991,3362200,35,3365200,125,3362100,28,3365500,125,3362000,35,3365700,35,3361900,25
3364200,25,3362800,60,3364400,25,3362700,125,3364600,25,3362600,28,3364700,14,3362500,48,3364800,64,3362400,38,3364900,100,3362300,28,3365000,1991,3362200,35,3365200,125,3362100,28,3365500,125,3362000,35,3365700,35,3361900,25
3364200,25,3362800,60,3364400,25,3362700,125,3364600,25,3362600,28,3364700,14,3362500,48,3364800,64,3362400,38,3364900,100,3362300,28,3365000,1991,3362200,35,3365200,125,3362100,28,3365500,125,3362000,35,3365700,35,3361900,25
3364200,25,3362800,60,3364400,25,3362700,125,3364600,25,3362600,28,3364700,14,3362500,48,3364800,64,3362400,38,3364900,100,3362300,28,3365000,1991,3362200,35,3365200,125,3362100,28,3365500,125,3362000,35,3365700,35,3361900,25
3364200,25,3362800,60,3364400,25,3362700,125,3364600,25,3362600,28,3364700,14,3362500,48,3364800,164,3362400,38,3364900,100,3362300,28,3365000,1991,3362200,35,3365200,125,3362100,28,3365500,125,3362000,35,3365700,35,3361900,25
3364200,25,3362800,60,3364400,25,3362700,125,3364600,25,3362600,28,3364700,14,3362500,48,3364800,164,3362400,38,3364900,100,3362300,28,3365000,1991,3362200,35,3365200,125,3362100,28,3365500,125,3362000,35,3365700,35,3361900,25
3364200,25,3362800,60,3364400,25,3362700,125,3364600,25,3362600,28,3364700,14,3362500,48,3364800,164,3362400,38,3364900,100,3362300,28,3365000,1991,3362200,35,3365200,125,3362100,28,3365500,125,3362000,35,3365700,35,3361900,25
3364200,25,3362800,60,3364400,25,3362700,125,3364600,25,3362600,28,3364700,14,3362500,48,3364800,164,3362400,38,3364900,100,3362300,28,3365000,1991,3362200,35,3365200,125,3362100,28,3365500,125,3362000,35,3365700,35,3361900,25
3364200,25,3362800,60,3364400,25,3362700,125,3364600,25,3362600,28,3364700,14,3362500,48,3364800,164,3362400,38,3364900,100,3362300,28,3365000,1991,3362200,35,3365200,125,3362100,28,3365500,125,3362000,35,3365700,35,3361900,25
3364200,25,3362800,60,3364400,25,3362700,125,3364600,25,3362600,28,3364700,14,3362500,48,3364800,164,3362400,38,3364900,100,3362300,28,3365000,1991,3362200,35,3365200,125,3362100,28,3365500,125,3362000,35,3365700,35,3361900,25
3364200,25,3362800,60,3364400,25,3362700,125,3364600,25,3362600,28,3364700,14,3362500,48,3364800,164,3362400,38,3364900,100,3362300,28,3365000,1991,3362200,35,3365200,125,3362100,28,3365500,125,3362000,35,3365700,35,3361900,25
3364200,25,3362800,60,3364400,25,3362700,125,3364600,25,3362600,28,3364700,14,3362500,48,3364800,164,3362400,38,3364900,100,3362300,28,3365000,1991,3362200,35,3365200,125,3362100,28,3365500,125,3362000,35,3365700,35,3361900,25
3364200,25,3362800,60,3364400,25,3362700,125,3364600,25,3362600,28,3364700,14,3362500,48,3364800,164,3362400,38,3364900,100,3362300,28,3365000,1991,3362200,35,3365200,125,3362100,28,3365500,125,3362000,35,3365700,35,3361900,25
3364200,25,3362800,60,3364400,25,3362700,125,3364600,25,3362600,28,3364800,164,3362500,48,3364900,100,3362400,38,3365000,1991,3362300,28,3365200,125,3362200,35,3365500,125,3362100,28,3365700,35,3362000,35,3365800,25,3361900,25
3364200,25,3362800,60,3364400,25,3362700,125,3364600,25,3362600,28,3364800,150,3362500,48,3364900,100,3362400,38,3365000,1991,3362300,28,3365200,125,3362200,35,3365500,125,3362100,28,3365700,35,3362000,35,3365800,25,3361900,25
3364200,25,3362800,60,3364400,25,3362700,125,3364600,25,3362600,28,3364800,150,3362500,48,3364900,100,3362400,38,3365000,1991,3362300,28,3365200,125,3362200,35,3365500,125,3362100,28,3365700,35,3362000,35,3365800,25,3361900,25
3364200,25,3362800,60,3364400,25,3362700,125,3364600,25,3362600,28,3364800,150,3362500,48,3364900,100,3362400,38,3365000,1991,3362300,28,3365200,125,3362200,35,3365500,125,3362100,28,3365700,35,3362000,35,3365800,25,3361900,25
3364400,25,3362800,60,3364600,25,3362700,125,3364800,150,3362600,28,3364900,100,3362500,48,3365000,1991,3362400,38,3365200,125,3362300,28,3365500,125,3362200,35,3365700,35,3362100,28,3365800,25,3362000,35,3366000,103,3361900,25
3364400,24,3362800,60,3364600,25,3362700,125,3364800,150,3362600,28,3364900,100,3362500,48,3365000,1991,3362400,38,3365200,125,3362300,28,3365500,125,3362200,35,3365700,35,3362100,28,3365800,25,3362000,35,3366000,103,3361900,25
3364400,24,3363000,14,3364600,25,3362800,60,3364800,150,3362700,125,3364900,100,3362600,28,3365000,1991,3362500,48,3365200,125,3362400,38,3365500,125,3362300,28,3365700,35,3362200,35,3365800,25,3362100,28,3366000,103,3362000,35
3364600,25,3363000,14,3364800,150,3362800,60,3364900,100,3362700,125,3365000,1991,3362600,28,3365200,125,3362500,48,3365500,125,3362400,38,3365700,35,3362300,28,3365800,25,3362200,35,3366000,103,3362100,28,3366300,51,3362000,35
3364600,25,3363000,14,3364800,125,3362800,60,3364900,100,3362700,125,3365000,1991,3362600,28,3365200,125,3362500,48,3365500,125,3362400,38,3365700,35,3362300,28,3365800,25,3362200,35,3366000,103,3362100,28,3366300,51,3362000,35
3364600,25,3363000,14,3364800,125,3362800,60,3364900,100,3362700,125,3365000,1991,3362600,28,3365200,125,3362500,48,3365500,125,3362400,38,3365700,35,3362300,28,3365800,25,3362200,35,3366000,103,3362100,28,3366300,51,3362000,35
3364600,25,3363000,14,3364800,125,3362800,60,3364900,100,3362700,125,3365000,1991,3362600,28,3365200,125,3362500,48,3365500,125,3362400,38,3365700,35,3362300,28,3365800,25,3362200,35,3366000,103,3362100,28,3366300,51,3362000,35
3364600,25,3363000,14,3364800,125,3362800,60,3364900,100,3362700,125,3365000,1991,3362600,28,3365200,125,3362500,48,3365500,125,3362400,38,3365700,35,3362300,28,3365800,25,3362200,35,3366000,103,3362100,28,3366300,51,3362000,35
3364600,25,3363000,14,3364800,125,3362800,60,3364900,100,3362700,125,3365000,1991,3362600,28,3365200,125,3362500,48,3365500,125,3362400,38,3365700,35,3362300,28,3365800,25,3362200,35,3366000,103,3362100,28,3366300,51,3362000,35
3364600,25,3363000,14,3364800,125,3362800,60,3364900,100,3362700,125,3365000,1991,3362600,28,3365200,125,3362500,48,3365500,125,3362400,38,3365700,35,3362300,28,3365800,25,3362200,35,3366000,103,3362100,28,3366300,51,3362000,35
3364600,25,3363000,14,3364800,125,3362800,60,3364900,100,3362700,125,3365000,1991,3362600,28,3365200,125,3362500,48,3365500,125,3362400,38,3365700,35,3362300,28,3365800,25,3362200,35,3366000,103,3362100,28,3366300,51,3362000,35
3364600,25,3363000,14,3364800,125,3362800,60,3364900,100,3362700,125,3365000,1991,3362600,28,3365200,125,3362500,48,3365500,125,3362400,38,3365700,35,3362300,28,3365800,25,3362200,35,3366000,103,3362100,28,3366300,51,3362000,10
3364600,25,3363000,14,3364800,125,3362800,60,3364900,100,3362700,125,3365000,1991,3362600,28,3365200,125,3362500,48,3365500,125,3362400,38,3365700,35,3362300,28,3365800,25,3362200,35,3366000,103,3362100,28,3366300,51,3362000,10
3364600,25,3363000,39,3364800,125,3362800,60,3364900,100,3362700,125,3365000,1991,3362600,28,3365200,125,3362500,48,3365500,125,3362400,38,3365700,35,3362300,28,3365800,25,3362200,35,3366000,103,3362100,28,3366300,51,3362000,10
3364600,25,3363000,39,3364800,125,3362800,60,3364900,100,3362700,125,3365000,1991,3362600,28,3365200,125,3362500,48,3365500,125,3362400,38,3365700,35,3362300,28,3365800,25,3362200,35,3366000,103,3362100,28,3366300,51,3362000,10
3364600,25,3363000,39,3364800,125,3362800,60,3364900,100,3362700,125,3365000,1991,3362600,28,3365200,125,3362500,48,3365500,125,3362400,38,3365700,35,3362300,28,3365800,25,3362200,35,3366000,103,3362100,28,3366300,51,3362000,10
3364600,25,3363000,39,3364800,125,3362800,60,3364900,100,3362700,125,3365000,1991,3362600,28,3365200,125,3362500,48,3365500,125,3362400,38,3365700,35,3362300,28,3365800,25,3362200,35,3366000,103,3362100,28,3366300,51,3362000,10
3364600,25,3363000,39,3364800,125,3362800,60,3364900,100,3362700,125,3365000,1991,3362600,28,3365200,125,3362500,48,3365500,125,3362400,38,3365700,35,3362300,28,3365800,25,3362200,35,3366000,103,3362100,28,3366300,51,3362000,10
3364600,25,3363000,39,3364800,125,3362800,60,3364900,100,3362700,125,3365000,1991,3362600,28,3365200,125,3362500,48,3365500,125,3362400,38,3365700,35,3362300,28,3365800,25,3362200,35,3366000,103,3362100,28,3366300,51,3362000,10
3364600,25,3363000,39,3364800,125,3362800,60,3364900,100,3362700,125,3365000,1991,3362600,28,3365200,125,3362500,48,3365500,125,3362400,38,3365700,35,3362300,28,3365800,25,3362200,35,3366000,103,3362100,28,3366300,51,3362000,10
3364600,25,3363000,39,3364800,125,3362800,60,3364900,100,3362700,125,3365000,1991,3362600,28,3365200,125,3362500,48,3365500,125,3362400,38,3365700,35,3362300,28,3365800,25,3362200,35,3366000,103,3362100,28,3366300,29,3362000,10
3364600,47,3363000,39,3364800,125,3362800,60,3364900,100,3362700,125,3365000,1991,3362600,28,3365200,125,3362500,48,3365500,125,3362400,38,3365700,35,3362300,28,3365800,25,3362200,35,3366000,103,3362100,28,3366300,29,3362000,10
3364600,47,3363000,39,3364800,25,3362800,60,3364900,100,3362700,125,3365000,1991,3362600,28,3365200,125,3362500,48,3365500,125,3362400,38,3365700,35,3362300,28,3365800,25,3362200,35,3366000,103,3362100,28,3366300,29,3362000,10
3364600,47,3363000,39,3364800,25,3362800,60,3364900,100,3362700,125,3365000,1991,3362600,28,3365200,125,3362500,48,3365500,125,3362400,38,3365700,35,3362300,28,3365800,25,3362200,35,3366000,103,3362100,28,3366300,29,3362000,10
3364600,47,3363000,39,3364800,25,3362800,60,3364900,100,3362700,125,3365000,1991,3362600,28,3365200,125,3362500,48,3365500,125,3362400,38,3365700,35,3362300,28,3365800,25,3362200,35,3366000,103,3362100,28,3366300,29,3362000,10
3364600,47,3363000,39,3364800,25,3362800,60,3364900,100,3362700,125,3365000,1991,3362600,28,3365200,125,3362500,48,3365500,125,3362400,38,3365700,35,3362300,28,3365800,25,3362200,35,3366000,103,3362100,28,3366300,29,3362000,10
3364600,47,3363000,39,3364800,25,3362800,60,3364900,100,3362700,125,3365000,1991,3362600,28,3365200,125,3362500,48,3365500,125,3362400,38,3365700,35,3362300,28,3365800,25,3362200,35,3366000,103,3362100,28,3366300,29,3362000,10
3364600,47,3363000,39,3364800,25,3362800,60,3364900,100,3362700,125,3365000,1991,3362600,28,3365200,125,3362500,48,3365500,125,3362400,38,3365700,35,3362300,28,3365800,25,3362200,35,3366000,103,3362100,28,3366300,29,3362000,10
3364600,47,3363000,39,3364800,25,3362800,60,3364900,100,3362700,125,3365000,1991,3362600,28,3365200,125,3362500,48,3365500,125,3362400,38,3365700,35,3362300,28,3365800,25,3362200,35,3366000,103,3362100,28,3366300,29,3362000,10
3364600,47,3363000,39,3364800,25,3362800,60,3364900,100,3362700,125,3365000,1991,3362600,28,3365200,125,3362500,48,3365500,125,3362400,38,3365700,35,3362300,28,3365800,25,3362200,35,3366000,103,3362100,28,3366300,29,3362000,10
3364600,47,3363000,39,3364800,25,3362800,160,3364900,100,3362700,125,3365000,1991,3362600,28,3365200,125,3362500,48,3365500,125,3362400,38,3365700,35,3362300,28,3365800,25,3362200,35,3366000,103,3362100,28,3366300,29,3362000,10
3364600,47,3363000,39,3364800,25,3362800,160,3364900,100,3362700,125,3365000,1991,3362600,28,3365200,125,3362500,48,3365500,125,3362400,38,3365700,35,3362300,28,3365800,25,3362200,35,3366000,103,3362100,28,3366300,29,3362000,10
3364600,47,3363000,39,3364800,25,3362800,160,3364900,100,3362700,125,3365000,1991,3362600,28,3365200,125,3362500,48,3365500,125,3362400,38,3365700,35,3362300,28,3365800,25,3362200,35,3366000,103,3362100,28,3366300,29,3362000,10
3364600,47,3363000,39,3364800,25,3362800,160,3364900,100,3362700,125,3365000,1991,3362600,28,3365200,125,3362500,48,3365500,125,3362400,38,3365700,35,3362300,28,3365800,25,3362200,35,3366000,103,3362100,28,3366300,29,3362000,10
3364600,47,3363000,39,3364800,25,3362800,160,3364900,100,3362700,125,3365000,1991,3362600,28,3365200,125,3362500,48,3365500,125,3362400,38,3365700,35,3362300,28,3365800,25,3362200,35,3366000,103,3362100,28,3366300,29,3362000,10
3364600,47,3363000,39,3364800,25,3362800,160,3364900,100,3362700,125,3365000,1991,3362600,28,3365200,125,3362500,48,3365500,125,3362400,38,3365700,35,3362300,28,3365800,25,3362200,35,3366000,103,3362100,28,3366300,29,3362000,10
3364600,47,3363000,39,3364800,25,3362800,160,3364900,100,3362700,125,3365000,1991,3362600,28,3365200,125,3362500,48,3365500,125,3362400,38,3365700,35,3362300,28,3365800,25,3362200,35,3366000,103,3362100,28,3366300,29,3362000,10
3364600,47,3363000,39,3364800,25,3362800,160,3364900,100,3362700,125,3365000,1991,3362600,28,3365200,125,3362500,48,3365500,125,3362400,38,3365700,35,3362300,28,3365800,25,3362200,35,3366000,100,3362100,28,3366300,29,3362000,10
3364600,47,3363000,39,3364800,25,3362800,160,3364900,100,3362700,125,3365000,1991,3362600,28,3365200,125,3362500,48,3365500,125,3362400,38,3365700,35,3362300,28,3365800,25,3362200,35,3366000,100,3362100,25,3366300,29,3362000,10
3364600,47,3363000,39,3364800,25,3362800,160,3364900,100,3362700,125,3365000,1991,3362600,28,3365200,125,3362500,48,3365500,125,3362400,38,3365700,35,3362300,28,3365800,25,3362200,35,3366000,100,3362100,25,3366300,29,3362000,10
3364600,47,3363000,39,3364800,25,3362800,160,3364900,100,3362700,125,3365000,1991,3362600,28,3365200,125,3362500,48,3365500,125,3362400,38,3365700,35,3362300,28,3365800,25,3362200,35,3366000,100,3362100,25,3366300,29,3362000,10
3364600,47,3363000,39,3364800,25,3362800,160,3364900,100,3362700,125,3365000,1991,3362600,28,3365200,125,3362500,48,3365500,125,3362400,38,3365700,35,3362300,28,3365800,25,3362200,35,3366000,100,3362100,25,3366300,29,3362000,10
3364600,47,3363000,39,3364800,25,3362800,160,3364900,100,3362700,125,3365000,1991,3362600,28,3365200,125,3362500,48,3365500,125,3362400,38,3365700,35,3362300,28,3365800,25,3362200,35,3366000,100,3362100,25,3366300,29,3362000,10
3364600,47,3363000,39,3364800,25,3362800,160,3364900,100,3362700,125,3365000,1991,3362600,28,3365200,125,3362500,48,3365500,125,3362400,38,3365700,35,3362300,28,3365800,25,3362200,35,3366000,100,3362100,25,3366300,29,3362000,10
3364600,47,3363000,39,3364800,25,3362800,160,3364900,100,3362700,125,3365000,1991,3362600,28,3365200,125,3362500,48,3365500,125,3362400,38,3365700,35,3362300,28,3365800,25,3362200,35,3366000,100,3362100,25,3366300,29,3362000,10
3364600,47,3363000,39,3364800,25,3362800,60,3364900,100,3362700,125,3365000,1991,3362600,28,3365200,125,3362500,48,3365500,125,3362400,38,3365700,35,3362300,28,3365800,25,3362200,35,3366000,100,3362100,25,3366300,29,3362000,10
3364600,47,3363000,39,3364800,25,3362800,60,3364900,100,3362700,125,3365000,1991,3362600,28,3365200,125,3362500,48,3365500,125,3362400,38,3365700,35,3362300,28,3365800,25,3362200,35,3366000,100,3362100,25,3366300,29,3362000,10
3364600,47,3363000,39,3364800,25,3362800,60,3364900,100,3362700,125,3365000,1991,3362600,28,3365200,125,3362500,48,3365500,125,3362400,38,3365700,35,3362300,28,3365800,25,3362200,35,3366000,100,3362100,25,3366300,29,3362000,10
3364600,47,3363000,39,3364800,25,3362800,60,3364900,100,3362700,125,3365000,1991,3362600,28,3365200,125,3362500,48,3365500,125,3362400,38,3365700,35,3362300,28,3365800,25,3362200,35,3366000,100,3362100,25,3366300,29,3362000,10
3364600,47,3363000,39,3364800,25,3362800,60,3364900,100,3362700,125,3365000,1991,3362600,28,3365200,125,3362500,48,3365500,125,3362400,38,3365700,35,3362300,28,3365800,25,3362200,35,3366000,100,3362100,25,3366300,29,3362000,10
3364600,47,3363000,39,3364800,25,3362800,60,3364900,100,3362700,125,3365000,1991,3362600,28,3365200,125,3362500,48,3365500,125,3362400,38,3365700,35,3362300,28,3365800,25,3362200,35,3366000,100,3362100,25,3366300,29,3362000,10
3364600,47,3363000,39,3364800,25,3362800,60,3364900,100,3362700,125,3365000,1991,3362600,28,3365200,125,3362500,48,3365500,125,3362400,38,3365700,35,3362300,28,3365800,25,3362200,35,3366000,100,3362100,25,3366300,29,3362000,10
3364600,47,3363000,39,3364800,25,3362800,60,3364900,100,3362700,125,3365000,1991,3362600,28,3365200,125,3362500,48,3365500,125,3362400,38,3365700,35,3362300,28,3365800,25,3362200,35,3366000,100,3362100,25,3366300,29,3362000,10
3364600,47,3363000,39,3364800,25,3362800,60,3364900,100,3362700,125,3365000,1991,3362600,28,3365200,125,3362500,48,3365500,125,3362400,38,3365700,35,3362300,28,3365800,25,3362200,35,3366000,100,3362100,25,3366300,29,3362000,10
3364600,47,3363000,39,3364800,25,3362800,60,3364900,100,3362700,125,3365000,1991,3362600,28,3365200,125,3362500,48,3365500,125,3362400,38,3365700,35,3362300,28,3365800,25,3362200,35,3366000,100,3362100,25,3366300,29,3362000,10
3364600,47,3363000,39,3364800,25,3362800,60,3364900,100,3362700,125,3365000,1991,3362600,28,3365200,125,3362500,48,3365500,125,3362400,38,3365700,35,3362300,28,3365800,25,3362200,35,3366000,100,3362100,25,3366300,29,3362000,10
