48579.151346546,1,783923502,100,3337900,-1
48579.151346700,3,783923398,100,3363400,-1
48579.151346700,1,783923506,100,3363500,-1
48579.151346815,3,783923402,100,3537100,-1
48579.151346815,1,783923510,100,3537200,-1
48579.151346904,3,783923406,100,3537300,-1
48579.151346904,1,783923514,100,3537400,-1
48579.151369989,3,783923498,100,3334600,-1
48579.151369989,1,783923522,100,3334500,-1
48579.151370812,3,783923502,100,3337900,-1
48579.151370812,1,783923526,100,3337800,-1
48579.151370925,3,783923506,100,3363500,-1
48579.151370925,1,783923530,100,3363400,-1
48579.151371072,3,783923510,100,3537200,-1
48579.151371072,1,783923534,100,3537100,-1
48579.151371246,3,783923514,100,3537400,-1
48579.151371246,1,783923538,100,3537300,-1
48579.151826438,3,783923522,100,3334500,-1
48579.151826438,1,783923546,100,3334600,-1
48579.151826698,3,783923526,100,3337800,-1
48579.151826698,1,783923550,100,3337900,-1
48579.151827606,3,783923530,100,3363400,-1
48579.151827606,1,783923554,100,3363500,-1
48579.151827724,3,783923534,100,3537100,-1
48579.151827724,1,783923558,100,3537200,-1
48579.151827882,3,783923538,100,3537300,-1
48579.151827882,1,783923562,100,3537400,-1
48579.152038259,1,783923570,100,3303900,1
48579.154456922,3,783923570,100,3303900,1
48579.160727941,1,783923850,3,3303700,1
48579.176057051,3,783909546,200,3304000,1
48579.176107547,1,783924246,200,3304200,1
48579.176128940,1,783924250,10,3304200,1
48579.176129875,1,783924254,25,3304200,1
48579.178074255,3,783923474,100,3304000,1
48579.187287009,1,783924474,100,3292000,1
48579.197873934,1,783924730,5,3304900,-1
48579.207079219,3,783917074,100,3304000,1
48579.212207633,1,783924934,4,3306200,-1
48579.224072126,3,783588926,10,3304500,-1
48579.224079568,3,783922482,10,3304500,-1
48579.224096721,3,783922386,25,3304500,-1
48579.224111864,1,783925302,10,3304200,1
48579.224549864,1,783925438,10,3304300,1
48579.224554674,3,783588942,25,3304500,-1
48579.224571467,1,783925450,10,3304300,1
48579.224572606,1,783925458,25,3304300,1
48579.224579055,3,783591566,25,3303200,1
48579.224595005,3,783923354,100,3305100,-1
48579.224598349,1,783925498,25,3305300,-1
48579.224639273,1,783925510,10,3304600,-1
48579.224705399,3,783925438,10,3304300,1
48579.224872883,1,783925566,4,3303800,1
48579.225346569,3,783923546,100,3334600,-1
48579.225346569,1,783925602,100,3334500,-1
48579.225346885,3,783923550,100,3337900,-1
48579.225346885,1,783925606,100,3337800,-1
48579.225347189,3,783923554,100,3363500,-1
48579.225347189,1,783925610,100,3363400,-1
48579.225347463,3,783923558,100,3537200,-1
48579.225347463,1,783925614,100,3537100,-1
48579.225347733,3,783923562,100,3537400,-1
48579.225347733,1,783925618,100,3537300,-1
48579.227345639,1,783925666,100,3305100,-1
48579.252153523,1,783925994,100,3304200,1
48579.252412420,3,783923282,100,3274300,1
48579.252412420,1,783926002,100,3274400,1
48579.252413253,3,783923286,100,3271100,1
48579.252413253,1,783926006,100,3271200,1
48579.252413519,3,783923290,100,3245400,1
48579.252413519,1,783926010,100,3245500,1
48579.252414516,3,783923294,100,3074900,1
48579.252414516,1,783926014,100,3075000,1
48579.252414655,3,783923298,100,3073900,1
48579.252414655,1,783926018,100,3074000,1
48579.351101611,1,783927370,100,3304100,1
48579.352334211,3,783917238,200,3302300,1
48579.446358262,3,783925666,100,3305100,-1
48579.448509621,1,783929410,100,3304100,1
48579.518930159,3,783707626,100,3306100,-1
48579.520905897,1,783930470,100,3306200,-1
48579.561555151,3,783606090,100,3305200,-1
48579.638666409,3,783915366,3,3302700,1
48579.648881532,3,783594382,4,3302800,1
48579.790376880,3,783846918,10,3304600,-1
48579.793831429,3,782675702,3,3305600,-1
48579.794149214,3,783543438,2,3304800,-1
48579.800441291,3,783893298,5,3304600,-1
48579.853588335,3,783709134,100,3305200,-1
48579.853622703,1,783945242,10,3304300,1
48579.853633199,3,783925510,10,3304600,-1
48579.854525260,3,783589494,4,3305200,-1
48579.854547499,3,783588934,25,3304600,-1
48579.854971037,3,783701910,100,3304800,-1
48579.855001277,2,783924246,100,3304200,1
48579.855022021,3,783925602,100,3334500,-1
48579.855022021,1,783945402,100,3334600,-1
48579.855022857,3,783925606,100,3337800,-1
48579.855022857,1,783945406,100,3337900,-1
48579.855023665,3,783925610,100,3363400,-1
48579.855023665,1,783945410,100,3363500,-1
48579.855024661,3,783925614,100,3537100,-1
48579.855024661,1,783945414,100,3537200,-1
48579.855024963,3,783925618,100,3537300,-1
48579.855024963,1,783945418,100,3537400,-1
48579.856671011,1,783945478,4,3305300,-1
48579.919062983,3,783930470,100,3306200,-1
48579.921204323,1,783947338,100,3306300,-1
48580.015612484,3,783917086,25,3302400,1
48580.015653249,1,783950670,25,3302900,1
48580.054314338,1,783952298,200,3302500,1
48580.544062121,3,783588906,25,3304600,-1
48580.544082899,3,783588902,10,3304600,-1
48580.544085996,1,783966426,10,3305200,-1
48580.544110242,1,783966450,10,3304400,1
48580.544131378,3,783659786,10,3303400,1
48580.544134479,1,783966474,25,3305400,-1
48580.544134839,1,783966482,25,3304400,1
48580.544142306,1,783966502,36,3304400,1
48580.544156304,1,783966510,10,3304400,1
48580.544182666,3,783591254,25,3303300,1
48580.544546515,1,783966982,15,3303700,1
48580.545042828,3,783966502,36,3304400,1
48580.545241206,1,783967430,10,3304700,-1
48580.546212050,3,783927370,100,3304100,1
48580.550445477,1,783967874,100,3304100,1
48580.554739296,3,783952298,200,3302500,1
48580.555375632,1,783968002,200,3302600,1
48580.555388179,1,783968006,200,3306900,-1
48580.556455673,3,783966510,10,3304400,1
48580.556505698,1,783968358,10,3304400,1
48580.557417772,1,783968770,100,3303400,1
48580.557888614,3,783967430,10,3304700,-1
48580.558953561,3,783819554,100,3302700,1
48580.559113298,1,783971142,10,3304700,-1
48580.559991410,3,783924246,100,3304200,1
48580.560045656,1,783971562,100,3304300,1
48580.560569209,3,783968358,10,3304400,1
48580.560625230,3,783971562,100,3304300,1
48580.560676522,1,783971878,100,3304200,1
48580.562942038,3,783967874,100,3304100,1
48580.566005383,1,783972914,10,3304400,1
48580.566749530,1,783973186,100,3304100,1
48580.572090002,3,783972914,10,3304400,1
48580.599430806,1,783975570,100,3304300,1
48580.601590564,3,783973186,100,3304100,1
48580.655053520,3,783968002,200,3302600,1
48580.666249354,1,783977322,10,3304400,1
48580.999230639,3,783975570,100,3304300,1
48581.002234262,1,783983690,100,3304100,1
48581.256198860,3,783968006,200,3306900,-1
48581.256618181,1,783990162,300,3306900,-1
48581.757147246,3,783990162,300,3306900,-1
48581.757566604,1,784002210,300,3306900,-1
48581.857342149,3,784002210,300,3306900,-1
48582.002435758,3,783718294,30,3303100,1
48582.020384097,3,783390286,100,3305300,-1
48582.020813530,1,784011006,10,3305400,-1
48582.023411765,1,784011114,100,3305400,-1
48582.119303659,3,783947338,100,3306300,-1
48582.121202815,1,784013818,100,3306400,-1
48582.960232739,1,784033106,200,3306900,-1
48583.561983335,1,784042474,100,3306100,-1
48584.017365367,1,784051902,94,3304200,1
48584.023982478,1,784052014,100,3305300,-1
48584.127770154,3,784052014,100,3305300,-1
48584.127935584,3,783563594,10,3304700,-1
48584.127944632,3,783971142,10,3304700,-1
48584.127952696,3,783485982,25,3304700,-1
48584.127956094,3,783319410,25,3304800,-1
48584.127998977,1,784063218,25,3305500,-1
48584.128004416,3,783702534,100,3304900,-1
48584.128027646,3,783588750,25,3304700,-1
48584.128038383,3,783922406,22,3302300,1
48584.128038383,1,784063242,22,3304500,1
48584.128062856,1,784063254,25,3304500,1
48584.128063693,1,784063258,10,3304500,1
48584.128067972,3,783590202,25,3303400,1
48584.128071103,1,784063266,40,3304500,1
48584.128112484,3,784011114,100,3305400,-1
48584.128281291,1,784063286,10,3304600,1
48584.128281466,3,783360202,25,3304800,-1
48584.128293131,1,784063302,25,3304300,1
48584.128302803,3,783360046,10,3304800,-1
48584.128303609,3,783454034,10,3303600,1
48584.128304731,1,784063310,25,3304600,1
48584.128311291,3,783460386,25,3303500,1
48584.128326881,1,784063326,10,3304500,1
48584.128327973,3,783966450,10,3304400,1
48584.128432689,1,784063378,10,3304600,1
48584.128433476,3,784063326,10,3304500,1
48584.128435099,3,783360098,10,3304800,-1
48584.128460748,3,783460550,15,3305500,-1
48584.128463380,3,783317338,10,3304900,-1
48584.128558464,3,783945478,4,3305300,-1
48584.128585749,3,783923418,30,3304100,1
48584.128621605,1,784063482,30,3304200,1
48584.128708548,3,783945402,100,3334600,-1
48584.128708548,1,784063490,100,3334700,-1
48584.128709383,3,783945406,100,3337900,-1
48584.128709383,1,784063494,100,3338000,-1
48584.128710657,3,783945410,100,3363500,-1
48584.128710657,1,784063498,100,3363600,-1
48584.128711795,3,783945414,100,3537200,-1
48584.128711795,1,784063502,100,3537300,-1
48584.128712801,3,783945418,100,3537400,-1
48584.128712801,1,784063506,100,3537500,-1
48584.128773443,3,784063490,100,3334700,-1
48584.128773443,1,784063542,100,3334800,-1
48584.128774449,3,784063494,100,3338000,-1
48584.128774449,1,784063546,100,3338100,-1
48584.128774621,3,784063498,100,3363600,-1
48584.128774621,1,784063550,100,3363700,-1
48584.128774709,3,784063502,100,3537300,-1
48584.128774709,1,784063554,100,3537400,-1
48584.128774939,3,784063506,100,3537500,-1
48584.128774939,1,784063558,100,3537600,-1
48584.128812759,3,783926002,100,3274400,1
48584.128812759,1,784063566,100,3274500,1
48584.128813936,3,783926006,100,3271200,1
48584.128813936,1,784063570,100,3271300,1
48584.128815323,3,783926010,100,3245500,1
48584.128815323,1,784063574,100,3245600,1
48584.128816506,3,783926014,100,3075000,1
48584.128816506,1,784063578,100,3075100,1
48584.128817521,3,783926018,100,3074000,1
48584.128817521,1,784063582,100,3074100,1
48584.128817652,3,783922070,25,3305900,-1
48584.128888206,1,784063590,25,3306300,-1
48584.129112164,3,784063482,30,3304200,1
48584.129149425,1,784063642,30,3304300,1
48584.129201580,1,784063650,3,3303900,1
48584.129606429,3,784063642,30,3304300,1
48584.129639927,3,783462034,100,3305000,-1
48584.129642149,1,784063678,30,3304400,1
48584.129907476,3,784063302,25,3304300,1
48584.130013290,4,783650734,100,3304800,-1
48584.130020249,3,783314982,25,3304900,-1
48584.130023732,3,783701874,25,3305000,-1
48584.130034816,1,784063782,100,3304700,1
48584.130036418,1,784063786,25,3304800,1
48584.130039876,1,784063798,17,3304700,1
48584.130042993,3,784063242,22,3304500,1
48584.130042993,1,784063806,22,3304600,1
48584.130050999,3,783386258,25,3303600,1
48584.130056595,3,783634326,10,3303700,1
48584.130063475,3,783681318,10,3303800,1
48584.130065764,3,783321250,100,3305500,-1
48584.130068810,1,784063838,10,3304700,1
48584.130069054,3,784063378,10,3304600,1
