3335000,125,3334600,1,3335100,235,3334500,157,3335300,45,3334400,104,3335400,245,3334300,150,3335500,171,3334200,754,3335600,128,3334100,200,3335700,145,3334000,200,3335800,148,3333900,340,3335900,235,3333800,233,3336000,744,3333700,260
3335000,125,3334600,11,3335100,235,3334500,157,3335300,45,3334400,104,3335400,245,3334300,150,3335500,171,3334200,754,3335600,128,3334100,200,3335700,145,3334000,200,3335800,148,3333900,340,3335900,235,3333800,233,3336000,744,3333700,260
3335000,100,3334600,11,3335100,235,3334500,157,3335300,45,3334400,104,3335400,245,3334300,150,3335500,171,3334200,754,3335600,128,3334100,200,3335700,145,3334000,200,3335800,148,3333900,340,3335900,235,3333800,233,3336000,744,3333700,260
3335000,110,3334600,11,3335100,235,3334500,157,3335300,45,3334400,104,3335400,245,3334300,150,3335500,171,3334200,754,3335600,128,3334100,200,3335700,145,3334000,200,3335800,148,3333900,340,3335900,235,3333800,233,3336000,744,3333700,260
3335000,110,3334600,11,3335100,235,3334500,157,3335300,145,3334400,104,3335400,245,3334300,150,3335500,171,3334200,754,3335600,128,3334100,200,3335700,145,3334000,200,3335800,148,3333900,340,3335900,235,3333800,233,3336000,744,3333700,260
3335000,110,3334600,1,3335100,235,3334500,157,3335300,145,3334400,104,3335400,245,3334300,150,3335500,171,3334200,754,3335600,128,3334100,200,3335700,145,3334000,200,3335800,148,3333900,340,3335900,235,3333800,233,3336000,744,3333700,260
3335000,135,3334600,1,3335100,235,3334500,157,3335300,145,3334400,104,3335400,245,3334300,150,3335500,171,3334200,754,3335600,128,3334100,200,3335700,145,3334000,200,3335800,148,3333900,340,3335900,235,3333800,233,3336000,744,3333700,260
3335000,135,3334600,1,3335100,235,3334500,147,3335300,145,3334400,104,3335400,245,3334300,150,3335500,171,3334200,754,3335600,128,3334100,200,3335700,145,3334000,200,3335800,148,3333900,340,3335900,235,3333800,233,3336000,744,3333700,260
3335000,135,3334600,1,3335100,235,3334500,47,3335300,145,3334400,104,3335400,245,3334300,150,3335500,171,3334200,754,3335600,128,3334100,200,3335700,145,3334000,200,3335800,148,3333900,340,3335900,235,3333800,233,3336000,744,3333700,260
3335000,135,3334600,1,3335100,235,3334500,47,3335300,145,3334400,104,3335400,245,3334300,150,3335500,171,3334200,754,3335600,125,3334100,200,3335700,145,3334000,200,3335800,148,3333900,340,3335900,235,3333800,233,3336000,744,3333700,260
3335000,135,3334600,1,3335100,235,3334500,47,3335300,145,3334400,104,3335400,245,3334300,150,3335500,171,3334200,754,3335600,125,3334100,200,3335700,145,3334000,200,3335800,148,3333900,340,3335900,235,3333800,233,3336000,744,3333700,260
3335000,135,3334600,1,3335100,235,3334500,47,3335300,145,3334400,104,3335400,245,3334300,150,3335500,171,3334200,754,3335600,125,3334100,200,3335700,145,3334000,200,3335800,148,3333900,340,3335900,235,3333800,233,3336000,744,3333700,260
3335000,135,3334600,1,3335100,235,3334500,47,3335300,145,3334400,104,3335400,245,3334300,150,3335500,171,3334200,754,3335600,125,3334100,200,3335700,145,3334000,200,3335800,148,3333900,340,3335900,235,3333800,233,3336000,744,3333700,260
3335000,135,3334600,1,3335100,235,3334500,47,3335300,145,3334400,104,3335400,245,3334300,150,3335500,171,3334200,754,3335600,125,3334100,200,3335700,145,3334000,200,3335800,148,3333900,340,3335900,235,3333800,233,3336000,744,3333700,260
3335000,135,3334600,1,3335100,235,3334500,47,3335300,145,3334400,104,3335400,245,3334300,150,3335500,171,3334200,754,3335600,125,3334100,200,3335700,145,3334000,200,3335800,148,3333900,340,3335900,235,3333800,233,3336000,744,3333700,260
3335000,135,3334600,1,3335100,235,3334500,47,3335300,145,3334400,104,3335400,245,3334300,150,3335500,171,3334200,754,3335600,125,3334100,200,3335700,145,3334000,200,3335800,148,3333900,340,3335900,235,3333800,233,3336000,744,3333700,260
3335000,135,3334600,1,3335100,235,3334500,47,3335300,145,3334400,104,3335400,245,3334300,150,3335500,171,3334200,754,3335600,125,3334100,200,3335700,145,3334000,200,3335800,148,3333900,340,3335900,235,3333800,233,3336000,744,3333700,260
3335000,135,3334600,1,3335100,235,3334500,47,3335300,145,3334400,104,3335400,245,3334300,150,3335500,171,3334200,754,3335600,125,3334100,200,3335700,145,3334000,200,3335800,148,3333900,340,3335900,235,3333800,233,3336000,744,3333700,260
3335000,135,3334600,1,3335100,235,3334500,47,3335300,145,3334400,104,3335400,245,3334300,150,3335500,171,3334200,754,3335600,125,3334100,200,3335700,145,3334000,200,3335800,148,3333900,340,3335900,235,3333800,233,3336000,744,3333700,260
3335000,135,3334600,1,3335100,235,3334500,47,3335300,145,3334400,104,3335400,245,3334300,150,3335500,171,3334200,754,3335600,125,3334100,200,3335700,145,3334000,200,3335800,148,3333900,340,3335900,235,3333800,233,3336000,744,3333700,260
3335000,135,3334600,1,3335100,235,3334500,47,3335300,145,3334400,104,3335400,245,3334300,150,3335500,171,3334200,654,3335600,125,3334100,200,3335700,145,3334000,200,3335800,148,3333900,340,3335900,235,3333800,233,3336000,744,3333700,260
3335000,135,3334600,1,3335100,235,3334500,47,3335300,145,3334400,104,3335400,245,3334300,150,3335500,171,3334200,654,3335600,125,3334100,300,3335700,145,3334000,200,3335800,148,3333900,340,3335900,235,3333800,233,3336000,744,3333700,260
3335000,135,3334600,1,3335100,235,3334500,47,3335300,145,3334400,104,3335400,245,3334300,150,3335500,171,3334200,654,3335600,125,3334100,300,3335700,145,3334000,200,3335800,148,3333900,340,3335900,235,3333800,233,3336000,744,3333700,260
3335000,145,3334600,1,3335100,235,3334500,47,3335300,145,3334400,104,3335400,245,3334300,150,3335500,171,3334200,654,3335600,125,3334100,300,3335700,145,3334000,200,3335800,148,3333900,340,3335900,235,3333800,233,3336000,744,3333700,260
3335000,145,3334600,1,3335100,135,3334500,47,3335300,145,3334400,104,3335400,245,3334300,150,3335500,171,3334200,654,3335600,125,3334100,300,3335700,145,3334000,200,3335800,148,3333900,340,3335900,235,3333800,233,3336000,744,3333700,260
3334900,100,3334600,1,3335000,145,3334500,47,3335100,135,3334400,104,3335300,145,3334300,150,3335400,245,3334200,654,3335500,171,3334100,300,3335600,125,3334000,200,3335700,145,3333900,340,3335800,148,3333800,233,3335900,235,3333700,260
3334900,100,3334600,1,3335000,145,3334500,47,3335100,135,3334400,104,3335300,145,3334300,150,3335400,245,3334200,654,3335500,171,3334100,300,3335600,125,3334000,200,3335700,145,3333900,340,3335800,148,3333800,233,3335900,225,3333700,260
3334900,100,3334600,1,3335000,145,3334500,47,3335100,135,3334400,104,3335300,145,3334300,150,3335400,245,3334200,654,3335500,171,3334100,300,3335600,125,3334000,200,3335700,145,3333900,340,3335800,148,3333800,233,3335900,200,3333700,260
3334900,100,3334600,1,3335000,145,3334500,47,3335100,135,3334400,104,3335300,145,3334300,150,3335400,245,3334200,654,3335500,171,3334100,300,3335600,125,3334000,200,3335700,145,3333900,340,3335800,148,3333800,233,3335900,200,3333700,260
3334900,100,3334600,1,3335000,145,3334500,47,3335100,135,3334400,104,3335300,145,3334300,150,3335400,245,3334200,654,3335500,171,3334100,300,3335600,125,3334000,200,3335700,145,3333900,340,3335800,148,3333800,233,3335900,200,3333700,260
3334900,100,3334600,1,3335000,145,3334500,47,3335100,135,3334400,104,3335300,145,3334300,150,3335400,245,3334200,654,3335500,171,3334100,300,3335600,125,3334000,200,3335700,145,3333900,340,3335800,148,3333800,233,3335900,200,3333700,260
3334900,100,3334600,1,3335000,145,3334500,47,3335100,135,3334400,104,3335300,145,3334300,150,3335400,245,3334200,654,3335500,171,3334100,300,3335600,125,3334000,200,3335700,145,3333900,340,3335800,148,3333800,233,3335900,200,3333700,260
3334900,100,3334600,1,3335000,145,3334500,47,3335100,135,3334400,104,3335300,145,3334300,150,3335400,245,3334200,654,3335500,171,3334100,300,3335600,125,3334000,200,3335700,145,3333900,340,3335800,148,3333800,233,3335900,200,3333700,260
3334900,100,3334600,1,3335000,145,3334500,47,3335100,135,3334400,104,3335300,145,3334300,150,3335400,245,3334200,654,3335500,171,3334100,300,3335600,125,3334000,200,3335700,145,3333900,340,3335800,148,3333800,233,3335900,200,3333700,260
3334900,100,3334600,1,3335000,145,3334500,47,3335100,135,3334400,104,3335300,145,3334300,150,3335400,245,3334200,654,3335500,171,3334100,300,3335600,125,3334000,200,3335700,145,3333900,340,3335800,148,3333800,233,3335900,200,3333700,260
3334900,100,3334600,1,3335000,145,3334500,47,3335100,135,3334400,104,3335300,145,3334300,150,3335400,245,3334200,654,3335500,171,3334100,300,3335600,125,3334000,200,3335700,145,3333900,340,3335800,148,3333800,233,3335900,200,3333700,260
3334900,100,3334600,1,3335000,145,3334500,47,3335100,135,3334400,104,3335300,145,3334300,150,3335400,245,3334200,654,3335500,171,3334100,300,3335600,125,3334000,200,3335700,145,3333900,340,3335800,148,3333800,233,3335900,200,3333700,260
3334900,100,3334600,1,3335000,145,3334500,47,3335100,135,3334400,104,3335300,145,3334300,150,3335400,245,3334200,654,3335500,171,3334100,300,3335600,125,3334000,200,3335700,145,3333900,340,3335800,148,3333800,233,3335900,200,3333700,260
3334900,100,3334600,1,3335000,145,3334500,47,3335100,135,3334400,104,3335300,145,3334300,150,3335400,245,3334200,654,3335500,171,3334100,300,3335600,128,3334000,200,3335700,145,3333900,340,3335800,148,3333800,233,3335900,200,3333700,260
3334900,100,3334600,1,3335000,145,3334500,147,3335100,135,3334400,104,3335300,145,3334300,150,3335400,245,3334200,654,3335500,171,3334100,300,3335600,128,3334000,200,3335700,145,3333900,340,3335800,148,3333800,233,3335900,200,3333700,260
3334900,100,3334600,1,3335000,145,3334500,147,3335100,135,3334400,104,3335300,145,3334300,150,3335400,245,3334200,654,3335500,171,3334100,300,3335600,128,3334000,200,3335700,145,3333900,340,3335800,148,3333800,233,3335900,200,3333700,260
3334900,100,3334600,1,3335000,145,3334500,147,3335100,135,3334400,104,3335300,145,3334300,150,3335400,245,3334200,654,3335500,171,3334100,300,3335600,128,3334000,200,3335700,145,3333900,340,3335800,148,3333800,233,3335900,200,3333700,260
3334900,100,3334600,1,3335000,145,3334500,147,3335100,135,3334400,104,3335300,145,3334300,150,3335400,245,3334200,654,3335500,171,3334100,300,3335600,128,3334000,200,3335700,145,3333900,340,3335800,148,3333800,233,3335900,200,3333700,260
3334900,100,3334600,1,3335000,145,3334500,147,3335100,135,3334400,104,3335300,145,3334300,150,3335400,245,3334200,654,3335500,171,3334100,300,3335600,128,3334000,200,3335700,145,3333900,340,3335800,148,3333800,233,3335900,200,3333700,260
3334900,100,3334600,1,3335000,145,3334500,147,3335100,135,3334400,104,3335300,145,3334300,150,3335400,245,3334200,654,3335500,171,3334100,300,3335600,128,3334000,200,3335700,145,3333900,340,3335800,148,3333800,233,3335900,200,3333700,260
3334900,100,3334600,1,3335000,145,3334500,147,3335100,135,3334400,104,3335300,145,3334300,150,3335400,245,3334200,654,3335500,171,3334100,300,3335600,128,3334000,200,3335700,145,3333900,340,3335800,148,3333800,233,3335900,200,3333700,260
3334900,100,3334600,1,3335000,145,3334500,147,3335100,135,3334400,104,3335300,145,3334300,150,3335400,245,3334200,654,3335500,171,3334100,300,3335600,128,3334000,200,3335700,145,3333900,340,3335800,148,3333800,233,3335900,200,3333700,260
3334900,100,3334600,1,3335000,145,3334500,147,3335100,135,3334400,104,3335300,145,3334300,150,3335400,245,3334200,654,3335500,171,3334100,300,3335600,128,3334000,200,3335700,145,3333900,340,3335800,148,3333800,233,3335900,200,3333700,260
3334900,100,3334600,1,3335000,145,3334500,147,3335100,135,3334400,104,3335300,145,3334300,150,3335400,245,3334200,654,3335500,171,3334100,300,3335600,128,3334000,200,3335700,145,3333900,340,3335800,148,3333800,233,3335900,200,3333700,260
3334900,100,3334600,1,3335000,145,3334500,147,3335100,135,3334400,104,3335300,145,3334300,150,3335400,245,3334200,654,3335500,171,3334100,300,3335600,128,3334000,200,3335700,145,3333900,340,3335800,148,3333800,233,3335900,200,3333700,260
3334900,100,3334600,1,3335000,145,3334500,147,3335100,135,3334400,104,3335300,145,3334300,150,3335400,245,3334200,654,3335500,171,3334100,300,3335600,128,3334000,200,3335700,145,3333900,340,3335800,148,3333800,233,3335900,200,3333700,260
3334900,100,3334600,1,3335000,145,3334500,147,3335100,135,3334400,104,3335300,145,3334300,150,3335400,245,3334200,654,3335500,171,3334100,300,3335600,128,3334000,200,3335700,145,3333900,340,3335800,148,3333800,233,3335900,200,3333700,260
3334900,100,3334600,1,3335000,145,3334500,147,3335100,135,3334400,104,3335300,145,3334300,150,3335400,245,3334200,754,3335500,171,3334100,300,3335600,128,3334000,200,3335700,145,3333900,340,3335800,148,3333800,233,3335900,200,3333700,260
3334900,100,3334600,1,3335000,145,3334500,147,3335100,135,3334400,104,3335300,145,3334300,150,3335400,245,3334200,754,3335500,171,3334100,300,3335600,128,3334000,200,3335700,145,3333900,340,3335800,148,3333800,233,3335900,200,3333700,260
3334900,100,3334600,1,3335000,145,3334500,147,3335100,135,3334400,104,3335300,145,3334300,150,3335400,245,3334200,754,3335500,171,3334100,300,3335600,128,3334000,200,3335700,145,3333900,340,3335800,148,3333800,233,3335900,200,3333700,260
3334900,100,3334600,1,3335000,145,3334500,147,3335100,135,3334400,104,3335300,145,3334300,150,3335400,245,3334200,754,3335500,171,3334100,300,3335600,128,3334000,200,3335700,145,3333900,340,3335800,148,3333800,233,3335900,200,3333700,260
3334900,100,3334600,1,3335000,145,3334500,147,3335100,135,3334400,104,3335300,145,3334300,150,3335400,245,3334200,754,3335500,171,3334100,300,3335600,128,3334000,200,3335700,145,3333900,340,3335800,148,3333800,233,3335900,200,3333700,260
3334900,100,3334600,1,3335000,145,3334500,147,3335100,135,3334400,104,3335300,145,3334300,150,3335400,245,3334200,754,3335500,171,3334100,300,3335600,128,3334000,200,3335700,145,3333900,340,3335800,148,3333800,233,3335900,200,3333700,260
3334900,100,3334600,1,3335000,145,3334500,147,3335100,135,3334400,104,3335300,145,3334300,150,3335400,245,3334200,754,3335500,171,3334100,300,3335600,128,3334000,200,3335700,145,3333900,340,3335800,148,3333800,233,3335900,200,3333700,260
3334900,100,3334600,1,3335000,135,3334500,147,3335100,135,3334400,104,3335300,145,3334300,150,3335400,245,3334200,754,3335500,171,3334100,300,3335600,128,3334000,200,3335700,145,3333900,340,3335800,148,3333800,233,3335900,200,3333700,260
3334900,100,3334600,11,3335000,135,3334500,147,3335100,135,3334400,104,3335300,145,3334300,150,3335400,245,3334200,754,3335500,171,3334100,300,3335600,128,3334000,200,3335700,145,3333900,340,3335800,148,3333800,233,3335900,200,3333700,260
3334900,100,3334600,11,3335000,135,3334500,147,3335100,135,3334400,104,3335300,145,3334300,150,3335400,145,3334200,754,3335500,171,3334100,300,3335600,128,3334000,200,3335700,145,3333900,340,3335800,148,3333800,233,3335900,200,3333700,260
3334900,100,3334600,11,3335000,135,3334500,147,3335100,135,3334400,104,3335300,45,3334300,150,3335400,145,3334200,754,3335500,171,3334100,300,3335600,128,3334000,200,3335700,145,3333900,340,3335800,148,3333800,233,3335900,200,3333700,260
3334900,100,3334600,11,3335000,135,3334500,147,3335100,135,3334400,114,3335300,45,3334300,150,3335400,145,3334200,754,3335500,171,3334100,300,3335600,128,3334000,200,3335700,145,3333900,340,3335800,148,3333800,233,3335900,200,3333700,260
3334900,100,3334600,11,3335000,125,3334500,147,3335100,135,3334400,114,3335300,45,3334300,150,3335400,145,3334200,754,3335500,171,3334100,300,3335600,128,3334000,200,3335700,145,3333900,340,3335800,148,3333800,233,3335900,200,3333700,260
3334900,100,3334600,11,3335000,25,3334500,147,3335100,135,3334400,114,3335300,45,3334300,150,3335400,145,3334200,754,3335500,171,3334100,300,3335600,128,3334000,200,3335700,145,3333900,340,3335800,148,3333800,233,3335900,200,3333700,260
3335000,25,3334600,11,3335100,135,3334500,147,3335300,45,3334400,114,3335400,145,3334300,150,3335500,171,3334200,754,3335600,128,3334100,300,3335700,145,3334000,200,3335800,148,3333900,340,3335900,200,3333800,233,3336000,744,3333700,260
3335100,135,3334600,11,3335300,45,3334500,147,3335400,145,3334400,114,3335500,171,3334300,150,3335600,128,3334200,754,3335700,145,3334100,300,3335800,148,3334000,200,3335900,200,3333900,340,3336000,744,3333800,233,3336100,100,3333700,260
3335100,135,3334600,11,3335300,45,3334500,147,3335400,149,3334400,114,3335500,171,3334300,150,3335600,128,3334200,754,3335700,145,3334100,300,3335800,148,3334000,200,3335900,200,3333900,340,3336000,744,3333800,233,3336100,100,3333700,260
3335100,135,3334600,11,3335300,45,3334500,147,3335400,149,3334400,114,3335500,171,3334300,150,3335600,128,3334200,754,3335700,145,3334100,300,3335800,148,3334000,200,3335900,200,3333900,340,3336000,744,3333800,233,3336100,100,3333700,260
3335100,135,3334600,11,3335300,45,3334500,147,3335400,149,3334400,114,3335500,171,3334300,150,3335600,128,3334200,754,3335700,145,3334100,300,3335800,148,3334000,200,3335900,200,3333900,340,3336000,744,3333800,233,3336100,100,3333700,260
3335100,135,3334600,11,3335300,45,3334500,147,3335400,149,3334400,114,3335500,171,3334300,150,3335600,128,3334200,754,3335700,145,3334100,300,3335800,148,3334000,200,3335900,200,3333900,340,3336000,744,3333800,233,3336100,100,3333700,260
3335100,135,3334600,11,3335300,45,3334500,147,3335400,149,3334400,114,3335500,171,3334300,150,3335600,128,3334200,754,3335700,145,3334100,300,3335800,148,3334000,200,3335900,200,3333900,340,3336000,744,3333800,233,3336100,100,3333700,260
3335100,135,3334600,11,3335300,45,3334500,147,3335400,149,3334400,114,3335500,171,3334300,150,3335600,128,3334200,754,3335700,145,3334100,300,3335800,148,3334000,200,3335900,200,3333900,340,3336000,744,3333800,233,3336100,100,3333700,260
3335100,135,3334600,11,3335300,45,3334500,147,3335400,149,3334400,114,3335500,171,3334300,150,3335600,128,3334200,754,3335700,145,3334100,300,3335800,148,3334000,200,3335900,200,3333900,340,3336000,744,3333800,233,3336100,100,3333700,260
3335100,135,3334600,11,3335300,45,3334500,147,3335400,149,3334400,114,3335500,171,3334300,150,3335600,128,3334200,754,3335700,145,3334100,300,3335800,148,3334000,200,3335900,200,3333900,340,3336000,744,3333800,233,3336100,100,3333700,260
3335100,135,3334600,11,3335300,45,3334500,147,3335400,149,3334400,114,3335500,171,3334300,150,3335600,128,3334200,754,3335700,145,3334100,300,3335800,148,3334000,200,3335900,200,3333900,340,3336000,744,3333800,233,3336100,100,3333700,260
3335100,135,3334600,11,3335300,45,3334500,147,3335400,149,3334400,114,3335500,171,3334300,150,3335600,128,3334200,754,3335700,145,3334100,300,3335800,148,3334000,200,3335900,200,3333900,340,3336000,744,3333800,233,3336100,100,3333700,260
3335100,135,3334600,11,3335300,45,3334500,147,3335400,149,3334400,114,3335500,171,3334300,150,3335600,128,3334200,754,3335700,145,3334100,300,3335800,148,3334000,200,3335900,200,3333900,340,3336000,744,3333800,233,3336100,100,3333700,260
3335100,135,3334600,11,3335300,45,3334500,147,3335400,149,3334400,114,3335500,171,3334300,150,3335600,128,3334200,754,3335700,145,3334100,300,3335800,148,3334000,200,3335900,200,3333900,340,3336000,744,3333800,233,3336100,100,3333700,260
3335100,135,3334600,11,3335300,45,3334500,147,3335400,149,3334400,114,3335500,171,3334300,150,3335600,128,3334200,754,3335700,145,3334100,300,3335800,148,3334000,200,3335900,200,3333900,340,3336000,744,3333800,233,3336100,100,3333700,260
3335100,135,3334600,11,3335300,45,3334500,147,3335400,149,3334400,114,3335500,171,3334300,150,3335600,128,3334200,754,3335700,145,3334100,300,3335800,148,3334000,200,3335900,200,3333900,340,3336000,744,3333800,233,3336100,100,3333700,260
3335100,135,3334600,11,3335300,45,3334500,147,3335400,149,3334400,114,3335500,171,3334300,150,3335600,128,3334200,754,3335700,145,3334100,300,3335800,148,3334000,200,3335900,200,3333900,340,3336000,744,3333800,233,3336100,100,3333700,260
3335100,135,3334600,11,3335300,45,3334500,147,3335400,149,3334400,114,3335500,171,3334300,150,3335600,128,3334200,754,3335700,145,3334100,300,3335800,148,3334000,200,3335900,200,3333900,340,3336000,744,3333800,233,3336100,100,3333700,260
3335100,135,3334600,11,3335300,45,3334500,147,3335400,149,3334400,114,3335500,171,3334300,150,3335600,128,3334200,754,3335700,145,3334100,300,3335800,148,3334000,200,3335900,200,3333900,340,3336000,744,3333800,233,3336100,100,3333700,260
3335100,135,3334600,11,3335300,45,3334500,147,3335400,149,3334400,114,3335500,171,3334300,150,3335600,128,3334200,754,3335700,145,3334100,300,3335800,148,3334000,200,3335900,200,3333900,340,3336000,744,3333800,233,3336100,100,3333700,260
3335100,135,3334600,11,3335300,45,3334500,147,3335400,149,3334400,114,3335500,171,3334300,150,3335600,128,3334200,754,3335700,145,3334100,300,3335800,148,3334000,200,3335900,200,3333900,340,3336000,744,3333800,233,3336100,100,3333700,260
3335100,135,3334600,11,3335300,45,3334500,147,3335400,149,3334400,114,3335500,171,3334300,150,3335600,128,3334200,754,3335700,145,3334100,300,3335800,148,3334000,200,3335900,200,3333900,340,3336000,744,3333800,233,3336100,100,3333700,260
3335100,135,3334600,11,3335300,45,3334500,147,3335400,149,3334400,114,3335500,171,3334300,150,3335600,128,3334200,754,3335700,145,3334100,300,3335800,148,3334000,200,3335900,200,3333900,340,3336000,744,3333800,233,3336100,100,3333700,260
3335100,135,3334600,11,3335300,45,3334500,147,3335400,149,3334400,114,3335500,171,3334300,150,3335600,128,3334200,754,3335700,145,3334100,300,3335800,148,3334000,203,3335900,200,3333900,340,3336000,744,3333800,233,3336100,100,3333700,260
3335100,135,3334600,11,3335300,45,3334500,147,3335400,145,3334400,114,3335500,171,3334300,150,3335600,128,3334200,754,3335700,145,3334100,300,3335800,148,3334000,203,3335900,200,3333900,340,3336000,744,3333800,233,3336100,100,3333700,260
3335100,135,3334600,11,3335300,45,3334500,147,3335400,145,3334400,114,3335500,171,3334300,150,3335600,128,3334200,754,3335700,145,3334100,300,3335800,148,3334000,203,3335900,200,3333900,340,3336000,744,3333800,233,3336100,100,3333700,260
3335100,135,3334600,11,3335300,45,3334500,147,3335400,145,3334400,114,3335500,171,3334300,150,3335600,128,3334200,754,3335700,145,3334100,300,3335800,148,3334000,203,3335900,200,3333900,340,3336000,744,3333800,233,3336100,100,3333700,260
3335100,135,3334600,11,3335300,45,3334500,147,3335400,145,3334400,114,3335500,171,3334300,150,3335600,128,3334200,754,3335700,145,3334100,300,3335800,148,3334000,203,3335900,200,3333900,340,3336000,744,3333800,233,3336100,100,3333700,260
3335100,135,3334600,11,3335300,45,3334500,147,3335400,145,3334400,114,3335500,171,3334300,150,3335600,128,3334200,754,3335700,145,3334100,300,3335800,148,3334000,203,3335900,200,3333900,340,3336000,744,3333800,233,3336100,100,3333700,260
3335100,135,3334600,11,3335300,45,3334500,147,3335400,145,3334400,114,3335500,171,3334300,150,3335600,128,3334200,754,3335700,145,3334100,300,3335800,148,3334000,203,3335900,200,3333900,340,3336000,744,3333800,233,3336100,100,3333700,260
3335100,135,3334600,11,3335300,45,3334500,147,3335400,145,3334400,114,3335500,171,3334300,150,3335600,128,3334200,754,3335700,145,3334100,300,3335800,148,3334000,203,3335900,200,3333900,340,3336000,744,3333800,233,3336100,100,3333700,260
3335100,135,3334600,11,3335300,45,3334500,147,3335400,145,3334400,114,3335500,171,3334300,150,3335600,128,3334200,754,3335700,145,3334100,300,3335800,148,3334000,203,3335900,200,3333900,340,3336000,744,3333800,233,3336100,100,3333700,260
3335100,135,3334600,11,3335300,45,3334500,147,3335400,145,3334400,114,3335500,171,3334300,150,3335600,128,3334200,754,3335700,145,3334100,300,3335800,148,3334000,203,3335900,200,3333900,340,3336000,744,3333800,233,3336100,100,3333700,260
3335100,135,3334600,11,3335300,45,3334500,147,3335400,145,3334400,114,3335500,171,3334300,150,3335600,128,3334200,754,3335700,145,3334100,300,3335800,148,3334000,203,3335900,200,3333900,340,3336000,744,3333800,233,3336100,100,3333700,260
3335100,135,3334600,11,3335300,45,3334500,147,3335400,145,3334400,114,3335500,171,3334300,150,3335600,128,3334200,754,3335700,145,3334100,300,3335800,148,3334000,203,3335900,200,3333900,340,3336000,744,3333800,233,3336100,100,3333700,260
3335100,125,3334600,11,3335300,45,3334500,147,3335400,145,3334400,114,3335500,171,3334300,150,3335600,128,3334200,754,3335700,145,3334100,300,3335800,148,3334000,203,3335900,200,3333900,340,3336000,744,3333800,233,3336100,100,3333700,260
3335100,125,3334600,21,3335300,45,3334500,147,3335400,145,3334400,114,3335500,171,3334300,150,3335600,128,3334200,754,3335700,145,3334100,300,3335800,148,3334000,203,3335900,200,3333900,340,3336000,744,3333800,233,3336100,100,3333700,260
3335100,125,3334600,121,3335300,45,3334500,147,3335400,145,3334400,114,3335500,171,3334300,150,3335600,128,3334200,754,3335700,145,3334100,300,3335800,148,3334000,203,3335900,200,3333900,340,3336000,744,3333800,233,3336100,100,3333700,260
3335100,100,3334600,121,3335300,45,3334500,147,3335400,145,3334400,114,3335500,171,3334300,150,3335600,128,3334200,754,3335700,145,3334100,300,3335800,148,3334000,203,3335900,200,3333900,340,3336000,744,3333800,233,3336100,100,3333700,260
3335100,100,3334600,121,3335300,45,3334500,247,3335400,145,3334400,114,3335500,171,3334300,150,3335600,128,3334200,754,3335700,145,3334100,300,3335800,148,3334000,203,3335900,200,3333900,340,3336000,744,3333800,233,3336100,100,3333700,260
3335100,100,3334600,121,3335300,45,3334500,247,3335400,145,3334400,214,3335500,171,3334300,150,3335600,128,3334200,754,3335700,145,3334100,300,3335800,148,3334000,203,3335900,200,3333900,340,3336000,744,3333800,233,3336100,100,3333700,260
3335100,100,3334700,10,3335300,45,3334600,121,3335400,145,3334500,247,3335500,171,3334400,214,3335600,128,3334300,150,3335700,145,3334200,754,3335800,148,3334100,300,3335900,200,3334000,203,3336000,744,3333900,340,3336100,100,3333800,233
3335100,100,3334700,20,3335300,45,3334600,121,3335400,145,3334500,247,3335500,171,3334400,214,3335600,128,3334300,150,3335700,145,3334200,754,3335800,148,3334100,300,3335900,200,3334000,203,3336000,744,3333900,340,3336100,100,3333800,233
3335100,100,3334700,20,3335300,45,3334600,121,3335400,145,3334500,247,3335500,171,3334400,214,3335600,128,3334300,250,3335700,145,3334200,754,3335800,148,3334100,300,3335900,200,3334000,203,3336000,744,3333900,340,3336100,100,3333800,233
3335100,100,3334700,62,3335300,45,3334600,121,3335400,145,3334500,247,3335500,171,3334400,214,3335600,128,3334300,250,3335700,145,3334200,754,3335800,148,3334100,300,3335900,200,3334000,203,3336000,744,3333900,340,3336100,100,3333800,233
3335100,100,3334700,62,3335300,45,3334600,121,3335400,145,3334500,247,3335500,171,3334400,214,3335600,128,3334300,250,3335700,145,3334200,724,3335800,148,3334100,300,3335900,200,3334000,203,3336000,744,3333900,340,3336100,100,3333800,233
3335100,100,3334700,62,3335300,45,3334600,121,3335400,145,3334500,247,3335500,171,3334400,214,3335600,128,3334300,280,3335700,145,3334200,724,3335800,148,3334100,300,3335900,200,3334000,203,3336000,744,3333900,340,3336100,100,3333800,233
3335100,100,3334700,62,3335300,45,3334600,121,3335400,145,3334500,247,3335500,171,3334400,120,3335600,128,3334300,280,3335700,145,3334200,724,3335800,148,3334100,300,3335900,200,3334000,203,3336000,744,3333900,340,3336100,100,3333800,233
3335100,100,3334700,62,3335300,45,3334600,121,3335400,145,3334500,341,3335500,171,3334400,120,3335600,128,3334300,280,3335700,145,3334200,724,3335800,148,3334100,300,3335900,200,3334000,203,3336000,744,3333900,340,3336100,100,3333800,233
3335100,100,3334700,62,3335300,45,3334600,121,3335400,145,3334500,341,3335500,171,3334400,120,3335600,128,3334300,250,3335700,145,3334200,724,3335800,148,3334100,300,3335900,200,3334000,203,3336000,744,3333900,340,3336100,100,3333800,233
3335100,100,3334700,62,3335300,45,3334600,121,3335400,145,3334500,341,3335500,171,3334400,150,3335600,128,3334300,250,3335700,145,3334200,724,3335800,148,3334100,300,3335900,200,3334000,203,3336000,744,3333900,340,3336100,100,3333800,233
3335100,100,3334700,62,3335300,45,3334600,121,3335400,145,3334500,341,3335500,171,3334400,150,3335600,125,3334300,250,3335700,145,3334200,724,3335800,148,3334100,300,3335900,200,3334000,203,3336000,744,3333900,340,3336100,100,3333800,233
3335100,100,3334700,62,3335300,45,3334600,121,3335400,145,3334500,341,3335500,171,3334400,150,3335600,125,3334300,250,3335700,145,3334200,724,3335800,248,3334100,300,3335900,200,3334000,203,3336000,744,3333900,340,3336100,100,3333800,233
3335100,100,3334700,62,3335300,45,3334600,221,3335400,145,3334500,341,3335500,171,3334400,150,3335600,125,3334300,250,3335700,145,3334200,724,3335800,248,3334100,300,3335900,200,3334000,203,3336000,744,3333900,340,3336100,100,3333800,233
3335100,100,3334700,62,3335300,45,3334600,221,3335400,145,3334500,331,3335500,171,3334400,150,3335600,125,3334300,250,3335700,145,3334200,724,3335800,248,3334100,300,3335900,200,3334000,203,3336000,744,3333900,340,3336100,100,3333800,233
3335100,100,3334700,62,3335300,45,3334600,231,3335400,145,3334500,331,3335500,171,3334400,150,3335600,125,3334300,250,3335700,145,3334200,724,3335800,248,3334100,300,3335900,200,3334000,203,3336000,744,3333900,340,3336100,100,3333800,233
3335100,100,3334700,62,3335300,45,3334600,231,3335400,145,3334500,331,3335500,171,3334400,150,3335600,125,3334300,250,3335700,145,3334200,724,3335800,148,3334100,300,3335900,200,3334000,203,3336000,744,3333900,340,3336100,100,3333800,233
3335100,100,3334700,62,3335300,45,3334600,231,3335400,145,3334500,331,3335500,171,3334400,150,3335600,125,3334300,250,3335700,145,3334200,724,3335800,148,3334100,300,3335900,100,3334000,203,3336000,744,3333900,340,3336100,100,3333800,233
3335100,100,3334800,76,3335300,45,3334700,62,3335400,145,3334600,231,3335500,171,3334500,331,3335600,125,3334400,150,3335700,145,3334300,250,3335800,148,3334200,724,3335900,100,3334100,300,3336000,744,3334000,203,3336100,100,3333900,340
3335100,100,3334800,76,3335300,35,3334700,62,3335400,145,3334600,231,3335500,171,3334500,331,3335600,125,3334400,150,3335700,145,3334300,250,3335800,148,3334200,724,3335900,100,3334100,300,3336000,744,3334000,203,3336100,100,3333900,340
3335100,100,3334800,76,3335300,35,3334700,162,3335400,145,3334600,231,3335500,171,3334500,331,3335600,125,3334400,150,3335700,145,3334300,250,3335800,148,3334200,724,3335900,100,3334100,300,3336000,744,3334000,203,3336100,100,3333900,340
3335100,100,3334800,76,3335300,35,3334700,162,3335400,145,3334600,231,3335500,171,3334500,331,3335600,125,3334400,250,3335700,145,3334300,250,3335800,148,3334200,724,3335900,100,3334100,300,3336000,744,3334000,203,3336100,100,3333900,340
3335100,100,3334800,76,3335300,35,3334700,162,3335400,145,3334600,231,3335500,171,3334500,331,3335600,125,3334400,250,3335700,145,3334300,250,3335800,148,3334200,724,3335900,100,3334100,300,3336000,744,3334000,203,3336100,100,3333900,340
3335100,100,3334800,176,3335300,35,3334700,162,3335400,145,3334600,231,3335500,171,3334500,331,3335600,125,3334400,250,3335700,145,3334300,250,3335800,148,3334200,724,3335900,100,3334100,300,3336000,744,3334000,203,3336100,100,3333900,340
3335100,100,3334800,100,3335300,35,3334700,162,3335400,145,3334600,231,3335500,171,3334500,331,3335600,125,3334400,250,3335700,145,3334300,250,3335800,148,3334200,724,3335900,100,3334100,300,3336000,744,3334000,203,3336100,100,3333900,340
3335100,100,3334800,100,3335300,25,3334700,162,3335400,145,3334600,231,3335500,171,3334500,331,3335600,125,3334400,250,3335700,145,3334300,250,3335800,148,3334200,724,3335900,100,3334100,300,3336000,744,3334000,203,3336100,100,3333900,340
3335100,100,3334800,100,3335300,25,3334700,162,3335400,145,3334600,231,3335500,171,3334500,331,3335600,125,3334400,250,3335700,145,3334300,250,3335800,148,3334200,724,3335900,100,3334100,300,3336000,744,3334000,203,3336100,100,3333900,340
3335100,100,3334800,100,3335300,25,3334700,162,3335400,145,3334600,231,3335500,171,3334500,331,3335600,125,3334400,250,3335700,145,3334300,250,3335800,148,3334200,724,3335900,100,3334100,300,3336000,744,3334000,203,3336100,100,3333900,340
3335100,100,3334800,100,3335300,25,3334700,162,3335400,145,3334600,231,3335500,171,3334500,331,3335600,125,3334400,250,3335700,145,3334300,250,3335800,148,3334200,724,3335900,100,3334100,300,3336000,744,3334000,203,3336100,100,3333900,340
3335100,100,3334800,100,3335300,25,3334700,162,3335400,145,3334600,231,3335500,171,3334500,331,3335600,125,3334400,250,3335700,145,3334300,250,3335800,148,3334200,724,3335900,100,3334100,300,3336000,744,3334000,203,3336100,100,3333900,340
3335100,100,3334800,100,3335300,25,3334700,162,3335400,145,3334600,231,3335500,171,3334500,331,3335600,125,3334400,250,3335700,145,3334300,250,3335800,148,3334200,724,3335900,100,3334100,300,3336000,744,3334000,203,3336100,100,3333900,340
3335100,100,3334800,100,3335300,25,3334700,162,3335400,145,3334600,231,3335500,171,3334500,331,3335600,125,3334400,250,3335700,145,3334300,250,3335800,148,3334200,724,3335900,100,3334100,300,3336000,744,3334000,203,3336100,100,3333900,340
3335100,100,3334800,100,3335300,25,3334700,162,3335400,145,3334600,231,3335500,171,3334500,331,3335600,125,3334400,250,3335700,145,3334300,250,3335800,148,3334200,724,3335900,100,3334100,300,3336000,744,3334000,203,3336100,100,3333900,340
3335100,100,3334800,100,3335300,25,3334700,162,3335400,145,3334600,231,3335500,171,3334500,331,3335600,125,3334400,250,3335700,145,3334300,250,3335800,148,3334200,724,3335900,100,3334100,300,3336000,744,3334000,203,3336100,100,3333900,340
3335100,100,3334800,100,3335300,25,3334700,162,3335400,145,3334600,231,3335500,171,3334500,331,3335600,125,3334400,250,3335700,145,3334300,250,3335800,148,3334200,724,3335900,100,3334100,300,3336000,744,3334000,203,3336100,100,3333900,340
3335100,100,3334800,100,3335300,25,3334700,162,3335400,145,3334600,231,3335500,171,3334500,331,3335600,125,3334400,250,3335700,145,3334300,250,3335800,148,3334200,724,3335900,100,3334100,300,3336000,744,3334000,203,3336100,100,3333900,340
3335100,100,3334800,100,3335300,25,3334700,162,3335400,145,3334600,231,3335500,171,3334500,331,3335600,125,3334400,250,3335700,145,3334300,250,3335800,148,3334200,724,3335900,100,3334100,300,3336000,744,3334000,203,3336100,100,3333900,340
3335100,100,3334800,100,3335300,25,3334700,162,3335400,145,3334600,221,3335500,171,3334500,331,3335600,125,3334400,250,3335700,145,3334300,250,3335800,148,3334200,724,3335900,100,3334100,300,3336000,744,3334000,203,3336100,100,3333900,340
3335100,100,3334800,110,3335300,25,3334700,162,3335400,145,3334600,221,3335500,171,3334500,331,3335600,125,3334400,250,3335700,145,3334300,250,3335800,148,3334200,724,3335900,100,3334100,300,3336000,744,3334000,203,3336100,100,3333900,340
3335100,100,3334800,110,3335300,25,3334700,162,3335400,145,3334600,221,3335500,171,3334500,331,3335600,125,3334400,220,3335700,145,3334300,250,3335800,148,3334200,724,3335900,100,3334100,300,3336000,744,3334000,203,3336100,100,3333900,340
3335100,100,3334800,110,3335300,25,3334700,162,3335400,145,3334600,221,3335500,171,3334500,361,3335600,125,3334400,220,3335700,145,3334300,250,3335800,148,3334200,724,3335900,100,3334100,300,3336000,744,3334000,203,3336100,100,3333900,340
3335100,100,3334800,110,3335300,25,3334700,162,3335400,145,3334600,221,3335500,171,3334500,361,3335600,125,3334400,220,3335700,145,3334300,250,3335800,148,3334200,724,3335900,100,3334100,300,3336000,744,3334000,203,3336100,100,3333900,340
3335100,100,3334800,10,3335300,25,3334700,162,3335400,145,3334600,221,3335500,171,3334500,361,3335600,125,3334400,220,3335700,145,3334300,250,3335800,148,3334200,724,3335900,100,3334100,300,3336000,744,3334000,203,3336100,100,3333900,340
3335100,100,3334800,20,3335300,25,3334700,162,3335400,145,3334600,221,3335500,171,3334500,361,3335600,125,3334400,220,3335700,145,3334300,250,3335800,148,3334200,724,3335900,100,3334100,300,3336000,744,3334000,203,3336100,100,3333900,340
3335100,100,3334800,20,3335300,25,3334700,162,3335400,45,3334600,221,3335500,171,3334500,361,3335600,125,3334400,220,3335700,145,3334300,250,3335800,148,3334200,724,3335900,100,3334100,300,3336000,744,3334000,203,3336100,100,3333900,340
3335100,100,3334800,30,3335300,25,3334700,162,3335400,45,3334600,221,3335500,171,3334500,361,3335600,125,3334400,220,3335700,145,3334300,250,3335800,148,3334200,724,3335900,100,3334100,300,3336000,744,3334000,203,3336100,100,3333900,340
3335100,100,3334800,30,3335300,25,3334700,162,3335400,45,3334600,221,3335500,171,3334500,361,3335600,125,3334400,220,3335700,145,3334300,250,3335800,148,3334200,724,3335900,200,3334100,300,3336000,744,3334000,203,3336100,100,3333900,340
3335100,100,3334800,30,3335300,25,3334700,162,3335400,45,3334600,321,3335500,171,3334500,361,3335600,125,3334400,220,3335700,145,3334300,250,3335800,148,3334200,724,3335900,200,3334100,300,3336000,744,3334000,203,3336100,100,3333900,340
3335100,100,3334800,30,3335300,25,3334700,162,3335400,45,3334600,321,3335500,171,3334500,361,3335600,125,3334400,220,3335700,145,3334300,250,3335800,148,3334200,724,3335900,200,3334100,300,3336000,744,3334000,203,3336100,100,3333900,340
3335100,100,3334800,30,3335300,25,3334700,162,3335400,45,3334600,321,3335500,171,3334500,361,3335600,125,3334400,220,3335700,145,3334300,250,3335800,148,3334200,724,3335900,200,3334100,300,3336000,744,3334000,203,3336100,100,3333900,340
3335100,100,3334800,30,3335300,25,3334700,162,3335400,45,3334600,221,3335500,171,3334500,361,3335600,125,3334400,220,3335700,145,3334300,250,3335800,148,3334200,724,3335900,200,3334100,300,3336000,744,3334000,203,3336100,100,3333900,340
3335100,100,3334800,30,3335300,25,3334700,162,3335400,45,3334600,221,3335500,171,3334500,261,3335600,125,3334400,220,3335700,145,3334300,250,3335800,148,3334200,724,3335900,200,3334100,300,3336000,744,3334000,203,3336100,100,3333900,340
3335100,100,3334800,130,3335300,25,3334700,162,3335400,45,3334600,221,3335500,171,3334500,261,3335600,125,3334400,220,3335700,145,3334300,250,3335800,148,3334200,724,3335900,200,3334100,300,3336000,744,3334000,203,3336100,100,3333900,340
3335100,100,3334800,130,3335300,25,3334700,162,3335400,45,3334600,221,3335500,171,3334500,261,3335600,125,3334400,220,3335700,145,3334300,250,3335800,148,3334200,724,3335900,200,3334100,300,3336000,744,3334000,203,3336100,100,3333900,340
3335100,100,3334800,130,3335300,25,3334700,162,3335400,45,3334600,221,3335500,171,3334500,261,3335600,125,3334400,220,3335700,145,3334300,250,3335800,148,3334200,724,3335900,200,3334100,300,3336000,744,3334000,203,3336100,100,3333900,340
3335100,100,3334800,130,3335300,25,3334700,162,3335400,45,3334600,221,3335500,171,3334500,261,3335600,125,3334400,220,3335700,145,3334300,250,3335800,148,3334200,724,3335900,200,3334100,300,3336000,744,3334000,203,3336100,100,3333900,340
3335100,100,3334800,130,3335300,25,3334700,162,3335400,45,3334600,221,3335500,171,3334500,261,3335600,125,3334400,220,3335700,145,3334300,250,3335800,148,3334200,724,3335900,200,3334100,300,3336000,744,3334000,203,3336100,100,3333900,340
3335100,100,3334800,130,3335300,25,3334700,162,3335400,45,3334600,221,3335500,171,3334500,261,3335600,125,3334400,220,3335700,145,3334300,250,3335800,148,3334200,724,3335900,200,3334100,300,3336000,744,3334000,203,3336100,100,3333900,340
3335100,100,3334800,130,3335300,25,3334700,162,3335400,45,3334600,221,3335500,171,3334500,261,3335600,125,3334400,220,3335700,145,3334300,250,3335800,148,3334200,724,3335900,200,3334100,300,3336000,744,3334000,203,3336100,100,3333900,340
3335100,100,3334800,130,3335300,25,3334700,162,3335400,45,3334600,221,3335500,171,3334500,261,3335600,125,3334400,220,3335700,145,3334300,250,3335800,148,3334200,724,3335900,200,3334100,300,3336000,744,3334000,203,3336100,100,3333900,340
3335100,100,3334800,130,3335300,25,3334700,162,3335400,45,3334600,221,3335500,171,3334500,261,3335600,125,3334400,220,3335700,145,3334300,250,3335800,148,3334200,724,3335900,200,3334100,300,3336000,744,3334000,203,3336100,100,3333900,340
3335100,100,3334800,130,3335300,25,3334700,162,3335400,45,3334600,221,3335500,171,3334500,261,3335600,125,3334400,220,3335700,145,3334300,250,3335800,148,3334200,724,3335900,200,3334100,300,3336000,744,3334000,203,3336100,100,3333900,340
3335100,100,3334800,130,3335300,25,3334700,162,3335400,45,3334600,221,3335500,171,3334500,261,3335600,125,3334400,220,3335700,145,3334300,250,3335800,148,3334200,724,3335900,200,3334100,300,3336000,744,3334000,203,3336100,100,3333900,340
3335100,100,3334800,130,3335300,25,3334700,162,3335400,45,3334600,221,3335500,171,3334500,261,3335600,125,3334400,220,3335700,145,3334300,250,3335800,148,3334200,728,3335900,200,3334100,300,3336000,744,3334000,203,3336100,100,3333900,340
3335100,100,3334800,130,3335300,25,3334700,162,3335400,45,3334600,221,3335500,171,3334500,261,3335600,125,3334400,220,3335700,145,3334300,250,3335800,148,3334200,728,3335900,200,3334100,300,3336000,744,3334000,203,3336100,100,3333900,340
3335100,100,3334800,130,3335300,25,3334700,162,3335400,45,3334600,221,3335500,171,3334500,261,3335600,125,3334400,220,3335700,145,3334300,250,3335800,148,3334200,728,3335900,200,3334100,300,3336000,744,3334000,203,3336100,100,3333900,340
3335100,100,3334800,130,3335300,25,3334700,162,3335400,45,3334600,221,3335500,171,3334500,261,3335600,125,3334400,220,3335700,145,3334300,250,3335800,148,3334200,728,3335900,200,3334100,300,3336000,744,3334000,203,3336100,100,3333900,340
3335100,100,3334800,130,3335300,25,3334700,162,3335400,145,3334600,221,3335500,171,3334500,261,3335600,125,3334400,220,3335700,145,3334300,250,3335800,148,3334200,728,3335900,200,3334100,300,3336000,744,3334000,203,3336100,100,3333900,340
3335100,100,3334800,130,3335300,25,3334700,162,3335400,145,3334600,221,3335500,171,3334500,261,3335600,125,3334400,220,3335700,145,3334300,250,3335800,148,3334200,728,3335900,200,3334100,300,3336000,744,3334000,203,3336100,100,3333900,340
3335100,100,3334800,130,3335300,25,3334700,162,3335400,145,3334600,221,3335500,171,3334500,261,3335600,125,3334400,220,3335700,145,3334300,250,3335800,148,3334200,728,3335900,200,3334100,300,3336000,744,3334000,203,3336100,100,3333900,340
3335100,100,3334800,130,3335300,25,3334700,162,3335400,145,3334600,221,3335500,171,3334500,261,3335600,125,3334400,220,3335700,145,3334300,250,3335800,148,3334200,728,3335900,200,3334100,300,3336000,744,3334000,203,3336100,100,3333900,340
3335100,100,3334800,130,3335300,25,3334700,162,3335400,145,3334600,221,3335500,171,3334500,261,3335600,125,3334400,220,3335700,145,3334300,250,3335800,148,3334200,728,3335900,200,3334100,300,3336000,744,3334000,203,3336100,100,3333900,340
3335100,100,3334800,130,3335300,25,3334700,162,3335400,145,3334600,221,3335500,171,3334500,261,3335600,125,3334400,220,3335700,145,3334300,250,3335800,148,3334200,728,3335900,200,3334100,300,3336000,744,3334000,203,3336100,100,3333900,340
3335100,100,3334800,130,3335300,25,3334700,162,3335400,145,3334600,221,3335500,171,3334500,261,3335600,125,3334400,220,3335700,145,3334300,250,3335800,148,3334200,728,3335900,200,3334100,300,3336000,744,3334000,203,3336100,100,3333900,340
3335100,100,3334800,130,3335300,25,3334700,162,3335400,145,3334600,221,3335500,171,3334500,261,3335600,125,3334400,220,3335700,145,3334300,250,3335800,148,3334200,728,3335900,200,3334100,300,3336000,744,3334000,203,3336100,100,3333900,340
3335100,100,3334800,130,3335300,25,3334700,162,3335400,145,3334600,221,3335500,171,3334500,261,3335600,125,3334400,220,3335700,145,3334300,250,3335800,148,3334200,728,3335900,200,3334100,300,3336000,744,3334000,203,3336100,100,3333900,340
3335100,100,3334800,130,3335300,25,3334700,162,3335400,145,3334600,221,3335500,171,3334500,261,3335600,125,3334400,220,3335700,145,3334300,250,3335800,148,3334200,728,3335900,200,3334100,300,3336000,744,3334000,203,3336100,100,3333900,340
3335100,100,3334800,130,3335300,25,3334700,162,3335400,145,3334600,221,3335500,171,3334500,261,3335600,125,3334400,220,3335700,145,3334300,250,3335800,148,3334200,728,3335900,200,3334100,300,3336000,744,3334000,203,3336100,100,3333900,340
3335100,100,3334800,130,3335300,25,3334700,162,3335400,145,3334600,221,3335500,171,3334500,261,3335600,125,3334400,220,3335700,145,3334300,250,3335800,148,3334200,728,3335900,200,3334100,300,3336000,744,3334000,203,3336100,100,3333900,340
3335100,100,3334800,130,3335300,25,3334700,62,3335400,145,3334600,221,3335500,171,3334500,261,3335600,125,3334400,220,3335700,145,3334300,250,3335800,148,3334200,728,3335900,200,3334100,300,3336000,744,3334000,203,3336100,100,3333900,340
3335100,100,3334800,130,3335300,25,3334700,62,3335400,145,3334600,221,3335500,171,3334500,261,3335600,125,3334400,220,3335700,145,3334300,250,3335800,148,3334200,728,3335900,200,3334100,300,3336000,744,3334000,203,3336100,100,3333900,340
3335100,100,3334800,130,3335300,25,3334700,62,3335400,145,3334600,221,3335500,171,3334500,261,3335600,125,3334400,220,3335700,145,3334300,250,3335800,148,3334200,728,3335900,200,3334100,300,3336000,744,3334000,203,3336100,100,3333900,340
3335100,100,3334800,130,3335300,25,3334700,62,3335400,145,3334600,221,3335500,171,3334500,261,3335600,125,3334400,220,3335700,145,3334300,250,3335800,148,3334200,728,3335900,200,3334100,300,3336000,744,3334000,203,3336100,100,3333900,340
3335100,100,3334800,130,3335300,25,3334700,62,3335400,145,3334600,221,3335500,171,3334500,167,3335600,125,3334400,220,3335700,145,3334300,250,3335800,148,3334200,728,3335900,200,3334100,300,3336000,744,3334000,203,3336100,100,3333900,340
3335100,100,3334800,130,3335300,25,3334700,156,3335400,145,3334600,221,3335500,171,3334500,167,3335600,125,3334400,220,3335700,145,3334300,250,3335800,148,3334200,728,3335900,200,3334100,300,3336000,744,3334000,203,3336100,100,3333900,340
3335100,100,3334800,130,3335300,25,3334700,156,3335400,145,3334600,221,3335500,171,3334500,167,3335600,125,3334400,220,3335700,145,3334300,250,3335800,148,3334200,728,3335900,200,3334100,300,3336000,744,3334000,203,3336100,100,3333900,340
3335100,100,3334800,130,3335300,25,3334700,156,3335400,145,3334600,221,3335500,171,3334500,167,3335600,125,3334400,220,3335700,145,3334300,250,3335800,148,3334200,728,3335900,200,3334100,300,3336000,744,3334000,203,3336100,100,3333900,340
3335100,100,3334800,130,3335300,25,3334700,156,3335400,145,3334600,221,3335500,171,3334500,167,3335600,125,3334400,220,3335700,145,3334300,250,3335800,148,3334200,728,3335900,200,3334100,300,3336000,744,3334000,203,3336100,100,3333900,340
3335100,100,3334800,130,3335300,25,3334700,156,3335400,145,3334600,221,3335500,171,3334500,167,3335600,125,3334400,220,3335700,145,3334300,250,3335800,148,3334200,728,3335900,200,3334100,300,3336000,744,3334000,203,3336100,100,3333900,340
3335000,10,3334800,130,3335100,100,3334700,156,3335300,25,3334600,221,3335400,145,3334500,167,3335500,171,3334400,220,3335600,125,3334300,250,3335700,145,3334200,728,3335800,148,3334100,300,3335900,200,3334000,203,3336000,744,3333900,340
3335000,10,3334800,130,3335100,110,3334700,156,3335300,25,3334600,221,3335400,145,3334500,167,3335500,171,3334400,220,3335600,125,3334300,250,3335700,145,3334200,728,3335800,148,3334100,300,3335900,200,3334000,203,3336000,744,3333900,340
3335000,10,3334800,130,3335100,110,3334700,156,3335300,25,3334600,221,3335400,145,3334500,167,3335500,171,3334400,220,3335600,125,3334300,250,3335700,145,3334200,724,3335800,148,3334100,300,3335900,200,3334000,203,3336000,744,3333900,340
3335000,10,3334800,130,3335100,110,3334700,156,3335300,25,3334600,221,3335400,145,3334500,167,3335500,171,3334400,220,3335600,125,3334300,250,3335700,145,3334200,724,3335800,148,3334100,300,3335900,200,3334000,203,3336000,744,3333900,340
3335000,10,3334800,130,3335100,110,3334700,156,3335300,25,3334600,221,3335400,145,3334500,167,3335500,171,3334400,220,3335600,125,3334300,250,3335700,145,3334200,724,3335800,148,3334100,300,3335900,200,3334000,203,3336000,744,3333900,340
3335000,10,3334800,130,3335100,110,3334700,156,3335300,25,3334600,221,3335400,145,3334500,167,3335500,171,3334400,220,3335600,125,3334300,250,3335700,145,3334200,724,3335800,148,3334100,300,3335900,200,3334000,203,3336000,744,3333900,340
3335100,110,3334800,130,3335300,25,3334700,156,3335400,145,3334600,221,3335500,171,3334500,167,3335600,125,3334400,220,3335700,145,3334300,250,3335800,148,3334200,724,3335900,200,3334100,300,3336000,744,3334000,203,3336100,100,3333900,340
3335100,110,3334900,100,3335300,25,3334800,130,3335400,145,3334700,156,3335500,171,3334600,221,3335600,125,3334500,167,3335700,145,3334400,220,3335800,148,3334300,250,3335900,200,3334200,724,3336000,744,3334100,300,3336100,100,3334000,203
3335100,110,3334900,100,3335300,25,3334800,230,3335400,145,3334700,156,3335500,171,3334600,221,3335600,125,3334500,167,3335700,145,3334400,220,3335800,148,3334300,250,3335900,200,3334200,724,3336000,744,3334100,300,3336100,100,3334000,203
3335100,110,3334900,100,3335300,25,3334800,230,3335400,145,3334700,156,3335500,171,3334600,221,3335600,125,3334500,267,3335700,145,3334400,220,3335800,148,3334300,250,3335900,200,3334200,724,3336000,744,3334100,300,3336100,100,3334000,203
3335100,110,3334900,100,3335300,25,3334800,230,3335400,145,3334700,256,3335500,171,3334600,221,3335600,125,3334500,267,3335700,145,3334400,220,3335800,148,3334300,250,3335900,200,3334200,724,3336000,744,3334100,300,3336100,100,3334000,203
3335100,110,3334900,100,3335300,25,3334800,230,3335400,145,3334700,256,3335500,171,3334600,221,3335600,125,3334500,267,3335700,145,3334400,220,3335800,148,3334300,250,3335900,200,3334200,727,3336000,744,3334100,300,3336100,100,3334000,203
3335100,110,3334800,230,3335300,25,3334700,256,3335400,145,3334600,221,3335500,171,3334500,267,3335600,125,3334400,220,3335700,145,3334300,250,3335800,148,3334200,727,3335900,200,3334100,300,3336000,744,3334000,203,3336100,100,3333900,340
3335100,110,3334800,230,3335300,25,3334700,256,3335400,145,3334600,221,3335500,171,3334500,167,3335600,125,3334400,220,3335700,145,3334300,250,3335800,148,3334200,727,3335900,200,3334100,300,3336000,744,3334000,203,3336100,100,3333900,340
3335100,110,3334800,220,3335300,25,3334700,256,3335400,145,3334600,221,3335500,171,3334500,167,3335600,125,3334400,220,3335700,145,3334300,250,3335800,148,3334200,727,3335900,200,3334100,300,3336000,744,3334000,203,3336100,100,3333900,340
3335100,110,3334800,120,3335300,25,3334700,256,3335400,145,3334600,221,3335500,171,3334500,167,3335600,125,3334400,220,3335700,145,3334300,250,3335800,148,3334200,727,3335900,200,3334100,300,3336000,744,3334000,203,3336100,100,3333900,340
3335100,110,3334900,10,3335300,25,3334800,120,3335400,145,3334700,256,3335500,171,3334600,221,3335600,125,3334500,167,3335700,145,3334400,220,3335800,148,3334300,250,3335900,200,3334200,727,3336000,744,3334100,300,3336100,100,3334000,203
3335100,110,3334900,10,3335300,25,3334800,120,3335400,145,3334700,256,3335500,171,3334600,221,3335600,125,3334500,267,3335700,145,3334400,220,3335800,148,3334300,250,3335900,200,3334200,727,3336000,744,3334100,300,3336100,100,3334000,203
3335100,110,3334900,52,3335300,25,3334800,120,3335400,145,3334700,256,3335500,171,3334600,221,3335600,125,3334500,267,3335700,145,3334400,220,3335800,148,3334300,250,3335900,200,3334200,727,3336000,744,3334100,300,3336100,100,3334000,203
3335100,110,3334900,52,3335300,25,3334800,120,3335400,145,3334700,256,3335500,171,3334600,221,3335600,125,3334500,267,3335700,145,3334400,220,3335800,148,3334300,250,3335900,200,3334200,727,3336000,744,3334100,300,3336100,100,3334000,203
3335100,110,3334900,52,3335300,25,3334800,120,3335400,145,3334700,256,3335500,171,3334600,221,3335600,125,3334500,267,3335700,145,3334400,220,3335800,148,3334300,250,3335900,200,3334200,727,3336000,744,3334100,300,3336100,100,3334000,203
3335100,110,3334900,52,3335300,25,3334800,120,3335400,145,3334700,256,3335500,171,3334600,221,3335600,125,3334500,267,3335700,145,3334400,220,3335800,148,3334300,250,3335900,200,3334200,727,3336000,744,3334100,300,3336100,100,3334000,203
3335100,110,3334900,52,3335300,25,3334800,120,3335400,145,3334700,256,3335500,171,3334600,221,3335600,125,3334500,267,3335700,145,3334400,220,3335800,148,3334300,250,3335900,200,3334200,727,3336000,744,3334100,300,3336100,100,3334000,203
3335100,110,3334900,52,3335300,25,3334800,120,3335400,145,3334700,256,3335500,171,3334600,221,3335600,125,3334500,267,3335700,145,3334400,220,3335800,148,3334300,250,3335900,200,3334200,727,3336000,744,3334100,300,3336100,100,3334000,203
3335100,110,3334900,52,3335300,25,3334800,120,3335400,145,3334700,256,3335500,171,3334600,221,3335600,125,3334500,267,3335700,145,3334400,220,3335800,148,3334300,250,3335900,200,3334200,727,3336000,744,3334100,300,3336100,100,3334000,203
3335100,110,3334900,52,3335300,25,3334800,120,3335400,145,3334700,256,3335500,171,3334600,221,3335600,125,3334500,267,3335700,145,3334400,220,3335800,148,3334300,250,3335900,200,3334200,727,3336000,744,3334100,300,3336100,100,3334000,203
3335100,110,3334900,52,3335300,25,3334800,120,3335400,145,3334700,256,3335500,171,3334600,221,3335600,125,3334500,267,3335700,145,3334400,220,3335800,148,3334300,250,3335900,200,3334200,727,3336000,744,3334100,300,3336100,100,3334000,203
3335100,110,3334900,52,3335300,25,3334800,120,3335400,145,3334700,256,3335500,171,3334600,121,3335600,125,3334500,267,3335700,145,3334400,220,3335800,148,3334300,250,3335900,200,3334200,727,3336000,744,3334100,300,3336100,100,3334000,203
3335100,110,3334900,10,3335300,25,3334800,120,3335400,145,3334700,256,3335500,171,3334600,121,3335600,125,3334500,267,3335700,145,3334400,220,3335800,148,3334300,250,3335900,200,3334200,727,3336000,744,3334100,300,3336100,100,3334000,203
3335100,110,3334900,10,3335300,25,3334800,120,3335400,145,3334700,256,3335500,171,3334600,221,3335600,125,3334500,267,3335700,145,3334400,220,3335800,148,3334300,250,3335900,200,3334200,727,3336000,744,3334100,300,3336100,100,3334000,203
3335100,110,3334900,10,3335300,25,3334800,20,3335400,145,3334700,256,3335500,171,3334600,221,3335600,125,3334500,267,3335700,145,3334400,220,3335800,148,3334300,250,3335900,200,3334200,727,3336000,744,3334100,300,3336100,100,3334000,203
3335100,110,3334900,10,3335300,25,3334800,20,3335400,145,3334700,356,3335500,171,3334600,221,3335600,125,3334500,267,3335700,145,3334400,220,3335800,148,3334300,250,3335900,200,3334200,727,3336000,744,3334100,300,3336100,100,3334000,203
3335100,110,3334900,10,3335300,25,3334800,20,3335400,145,3334700,356,3335500,171,3334600,121,3335600,125,3334500,267,3335700,145,3334400,220,3335800,148,3334300,250,3335900,200,3334200,727,3336000,744,3334100,300,3336100,100,3334000,203
3335100,110,3334900,10,3335300,25,3334800,20,3335400,145,3334700,356,3335500,171,3334600,121,3335600,125,3334500,267,3335700,145,3334400,220,3335800,148,3334300,250,3335900,200,3334200,724,3336000,744,3334100,300,3336100,100,3334000,203
3335100,110,3334900,10,3335300,35,3334800,20,3335400,145,3334700,356,3335500,171,3334600,121,3335600,125,3334500,267,3335700,145,3334400,220,3335800,148,3334300,250,3335900,200,3334200,724,3336000,744,3334100,300,3336100,100,3334000,203
3335100,110,3334900,10,3335300,35,3334800,10,3335400,145,3334700,356,3335500,171,3334600,121,3335600,125,3334500,267,3335700,145,3334400,220,3335800,148,3334300,250,3335900,200,3334200,724,3336000,744,3334100,300,3336100,100,3334000,203
3335100,110,3334900,10,3335300,35,3334800,10,3335400,145,3334700,356,3335500,171,3334600,121,3335600,125,3334500,267,3335700,145,3334400,220,3335800,148,3334300,250,3335900,200,3334200,724,3336000,744,3334100,300,3336100,100,3334000,203
3335100,110,3334900,10,3335300,35,3334800,10,3335400,145,3334700,356,3335500,171,3334600,121,3335600,125,3334500,267,3335700,145,3334400,220,3335800,148,3334300,250,3335900,200,3334200,724,3336000,744,3334100,300,3336100,100,3334000,203
3335100,110,3334900,10,3335300,35,3334800,10,3335400,145,3334700,356,3335500,171,3334600,121,3335600,125,3334500,267,3335700,145,3334400,220,3335800,148,3334300,250,3335900,200,3334200,724,3336000,744,3334100,300,3336100,100,3334000,203
3335100,110,3334900,10,3335300,35,3334800,10,3335400,145,3334700,356,3335500,171,3334600,121,3335600,125,3334500,267,3335700,145,3334400,220,3335800,148,3334300,250,3335900,200,3334200,724,3336000,744,3334100,300,3336100,100,3334000,203
3335100,110,3334900,10,3335300,35,3334800,10,3335400,145,3334700,356,3335500,171,3334600,121,3335600,125,3334500,267,3335700,145,3334400,220,3335800,148,3334300,250,3335900,200,3334200,724,3336000,744,3334100,300,3336100,100,3334000,203
3335100,110,3334900,10,3335300,35,3334800,10,3335400,145,3334700,356,3335500,171,3334600,121,3335600,125,3334500,267,3335700,145,3334400,220,3335800,148,3334300,250,3335900,200,3334200,724,3336000,744,3334100,300,3336100,100,3334000,203
3335100,110,3334900,10,3335300,35,3334800,10,3335400,145,3334700,356,3335500,171,3334600,121,3335600,125,3334500,267,3335700,145,3334400,220,3335800,148,3334300,250,3335900,200,3334200,724,3336000,744,3334100,300,3336100,100,3334000,203
3335100,110,3334900,10,3335300,35,3334800,10,3335400,145,3334700,356,3335500,171,3334600,121,3335600,125,3334500,267,3335700,145,3334400,220,3335800,148,3334300,250,3335900,200,3334200,724,3336000,744,3334100,300,3336100,100,3334000,203
3335100,110,3334900,10,3335300,35,3334800,10,3335400,145,3334700,356,3335500,171,3334600,121,3335600,125,3334500,267,3335700,145,3334400,220,3335800,148,3334300,250,3335900,200,3334200,724,3336000,744,3334100,300,3336100,100,3334000,203
3335100,110,3334900,10,3335300,35,3334800,10,3335400,145,3334700,356,3335500,171,3334600,121,3335600,125,3334500,267,3335700,145,3334400,220,3335800,148,3334300,250,3335900,200,3334200,724,3336000,744,3334100,300,3336100,100,3334000,203
3335100,110,3334900,10,3335300,35,3334800,10,3335400,145,3334700,356,3335500,171,3334600,121,3335600,125,3334500,237,3335700,145,3334400,220,3335800,148,3334300,250,3335900,200,3334200,724,3336000,744,3334100,300,3336100,100,3334000,203
3335100,110,3334900,10,3335300,35,3334800,10,3335400,145,3334700,356,3335500,171,3334600,121,3335600,125,3334500,237,3335700,145,3334400,220,3335800,148,3334300,280,3335900,200,3334200,724,3336000,744,3334100,300,3336100,100,3334000,203
3335100,110,3334900,10,3335300,35,3334800,10,3335400,145,3334700,356,3335500,171,3334600,121,3335600,125,3334500,237,3335700,145,3334400,220,3335800,148,3334300,250,3335900,200,3334200,724,3336000,744,3334100,300,3336100,100,3334000,203
3335100,110,3334900,10,3335300,35,3334800,10,3335400,145,3334700,356,3335500,171,3334600,121,3335600,125,3334500,237,3335700,145,3334400,250,3335800,148,3334300,250,3335900,200,3334200,724,3336000,744,3334100,300,3336100,100,3334000,203
3335100,110,3334900,10,3335300,35,3334800,10,3335400,145,3334700,356,3335500,171,3334600,121,3335600,125,3334500,237,3335700,145,3334400,250,3335800,148,3334300,250,3335900,200,3334200,724,3336000,744,3334100,300,3336100,100,3334000,203
3335100,110,3334900,10,3335300,35,3334800,10,3335400,145,3334700,356,3335500,171,3334600,121,3335600,125,3334500,237,3335700,145,3334400,250,3335800,148,3334300,250,3335900,200,3334200,724,3336000,744,3334100,300,3336100,100,3334000,203
3335100,110,3334900,10,3335300,35,3334800,10,3335400,145,3334700,356,3335500,171,3334600,121,3335600,125,3334500,237,3335700,145,3334400,250,3335800,148,3334300,250,3335900,200,3334200,724,3336000,744,3334100,300,3336100,100,3334000,203
3335100,110,3334900,10,3335300,35,3334800,10,3335400,145,3334700,356,3335500,171,3334600,121,3335600,125,3334500,237,3335700,145,3334400,250,3335800,148,3334300,250,3335900,200,3334200,724,3336000,744,3334100,300,3336100,100,3334000,203
3335100,110,3334900,10,3335300,35,3334800,10,3335400,145,3334700,356,3335500,171,3334600,121,3335600,125,3334500,237,3335700,145,3334400,250,3335800,148,3334300,250,3335900,200,3334200,724,3336000,744,3334100,300,3336100,100,3334000,203
