42720.658380250,1,651331574,100,3334200,1
42720.859375075,3,651312362,20,3334200,1
42720.859387292,1,651336930,100,3334600,-1
42720.860188267,3,651312538,100,3304200,1
42720.860188267,1,651337230,100,3304100,1
42720.860189171,3,651312542,100,3300900,1
42720.860189171,1,651337234,100,3300800,1
42720.860190402,3,651312546,100,3275500,1
42720.860190402,1,651337238,100,3275400,1
42720.860190688,3,651312550,100,3102000,1
42720.860190688,1,651337242,100,3101900,1
42720.860190906,3,651312554,100,3102000,1
42720.860190906,1,651337246,100,3101900,1
42720.861485935,1,651337318,100,3335100,-1
42720.861510811,1,651337322,25,3334600,-1
42720.903159439,3,651329778,200,3332200,1
42720.903574166,1,651338162,200,3332100,1
42720.913620018,3,651323122,100,3334800,-1
42720.913620018,1,651338286,100,3334600,-1
42720.914103536,3,651323318,100,3364800,-1
42720.914103536,1,651338338,100,3364700,-1
42720.914104382,3,651323322,100,3368200,-1
42720.914104382,1,651338342,100,3368100,-1
42720.914104667,3,651323326,100,3393500,-1
42720.914104667,1,651338346,100,3393400,-1
42720.914105782,3,651323330,100,3569500,-1
42720.914105782,1,651338350,100,3569400,-1
42720.914105949,3,651323334,100,3569500,-1
42720.914105949,1,651338354,100,3569400,-1
42721.007709213,1,651340902,1,3334200,1
42721.205863048,1,651345314,3,3336900,-1
42721.333706834,3,650833806,30,3335000,-1
42721.335115007,1,651347490,30,3334900,-1
42721.406975752,3,651271266,20,3334100,1
42721.407000577,3,651312370,100,3334200,1
42721.407000977,3,651312350,25,3334100,1
42721.407016579,3,651312354,10,3334200,1
42721.407025327,3,651325378,100,3334000,1
42721.407031532,1,651349538,20,3333700,1
42721.407031646,1,651349542,20,3335300,-1
42721.407049288,1,651349586,40,3334600,-1
42721.407050066,3,651299262,10,3334100,1
42721.407061513,3,651329262,100,3334100,1
42721.407071808,3,651273082,100,3334000,1
42721.407086801,3,651296930,100,3333900,1
42721.407089924,1,651349642,40,3334700,-1
42721.407117852,1,651349666,40,3334500,-1
42721.407118083,3,651271110,10,3334000,1
42721.407143864,1,651349690,100,3334500,-1
42721.407144832,1,651349694,25,3334500,-1
42721.407189419,1,651349726,10,3334500,-1
42721.407225272,1,651349746,10,3334400,-1
42721.407248384,1,651349758,20,3334400,-1
42721.407250377,1,651349762,100,3334400,-1
42721.407252678,1,651349766,25,3334400,-1
42721.407257136,1,651349770,40,3334400,-1
42721.407525282,3,651296746,3,3333600,1
42721.407573082,3,651337230,100,3304100,1
42721.407573082,1,651349906,100,3304000,1
42721.407574050,3,651337234,100,3300800,1
42721.407574050,1,651349910,100,3300700,1
42721.407574286,3,651337238,100,3275400,1
42721.407574286,1,651349914,100,3275300,1
42721.407575852,3,651337242,100,3101900,1
42721.407575852,1,651349918,100,3101800,1
42721.407575989,3,651337246,100,3101900,1
42721.407575989,1,651349922,100,3101800,1
42721.407647830,3,651349906,100,3304000,1
42721.407647830,1,651349950,100,3303300,1
42721.407647980,3,651349910,100,3300700,1
42721.407647980,1,651349954,100,3300000,1
42721.407648189,3,651349914,100,3275300,1
42721.407648189,1,651349958,100,3274600,1
42721.407648336,3,651349918,100,3101800,1
42721.407648336,1,651349962,100,3101100,1
42721.407648546,3,651349922,100,3101800,1
42721.407648546,1,651349966,100,3101100,1
42721.408149911,3,651271538,100,3333800,1
42721.409078989,1,651350458,100,3334900,-1
42721.419086799,3,651331574,100,3334200,1
42721.452531955,1,651352938,100,3334200,1
42721.452555551,3,651349766,25,3334400,-1
42721.453109842,3,651349762,100,3334400,-1
42721.453138444,3,651350458,100,3334900,-1
42721.458846636,3,651338338,100,3364700,-1
42721.458846636,1,651353378,100,3364600,-1
42721.458847594,3,651338342,100,3368100,-1
42721.458847594,1,651353382,100,3368000,-1
42721.458847875,3,651338346,100,3393400,-1
42721.458847875,1,651353386,100,3393300,-1
42721.458848914,3,651338350,100,3569400,-1
42721.458848914,1,651353390,100,3569300,-1
42721.458849719,3,651338354,100,3569400,-1
42721.458849719,1,651353394,100,3569300,-1
42721.459136318,1,651353402,3,3331600,1
42721.504519289,3,651338162,200,3332100,1
42721.504933043,1,651354138,200,3332000,1
42721.507897309,1,651354202,100,3333900,1
42721.507925747,3,651349770,40,3334400,-1
42721.508462509,3,651349950,100,3303300,1
42721.508462509,1,651354218,100,3303900,1
42721.508463408,3,651349954,100,3300000,1
42721.508463408,1,651354222,100,3300600,1
42721.508463624,3,651349958,100,3274600,1
42721.508463624,1,651354226,100,3275200,1
42721.508463925,3,651349962,100,3101100,1
42721.508463925,1,651354230,100,3101700,1
42721.508465645,3,651349966,100,3101100,1
42721.508465645,1,651354234,100,3101700,1
42721.511092199,1,651354358,100,3333800,1
42721.511158208,1,651354362,10,3334000,1
42721.568133728,3,651349746,10,3334400,-1
42721.568154260,3,651349758,20,3334400,-1
42721.570108554,3,651354362,10,3334000,1
42721.570109844,1,651356158,10,3334400,-1
42721.570133843,1,651356182,20,3334400,-1
42721.570134623,1,651356186,100,3334400,-1
42721.570146623,1,651356198,40,3334400,-1
42721.570181266,3,651352938,100,3334200,1
42721.570385050,3,651354358,100,3333800,1
42721.570933232,3,651354218,100,3303900,1
42721.570933232,1,651356534,100,3303800,1
42721.570933597,3,651354222,100,3300600,1
42721.570933597,1,651356538,100,3300500,1
42721.570933829,3,651354226,100,3275200,1
42721.570933829,1,651356542,100,3275100,1
42721.570934889,3,651354230,100,3101700,1
42721.570934889,1,651356546,100,3101600,1
42721.570935033,3,651354234,100,3101700,1
42721.570935033,1,651356550,100,3101600,1
42721.572146123,1,651357062,100,3335000,-1
42721.576223208,1,651357326,100,3334200,1
42721.576251268,3,651356186,100,3334400,-1
42721.576312833,3,651357062,100,3335000,-1
42721.576345616,3,651356182,20,3334400,-1
42721.576354401,1,651357362,10,3334000,1
42721.578358716,1,651357730,100,3333800,1
42721.589367306,3,651356158,10,3334400,-1
42721.589393977,3,651356198,40,3334400,-1
42721.625328719,3,651357730,100,3333800,1
42721.627116816,3,651356534,100,3303800,1
42721.627116816,1,651360566,100,3303900,1
42721.627117695,3,651356538,100,3300500,1
42721.627117695,1,651360570,100,3300600,1
42721.627117830,3,651356542,100,3275100,1
42721.627117830,1,651360574,100,3275200,1
42721.627117997,3,651356546,100,3101600,1
42721.627117997,1,651360578,100,3101700,1
42721.627119181,3,651356550,100,3101600,1
42721.627119181,1,651360582,100,3101700,1
42721.627361529,1,651360638,100,3335000,-1
42721.642511421,3,651360638,100,3335000,-1
42721.644893278,1,651361430,100,3333800,1
42721.749618364,1,651365874,100,3335000,-1
42721.768517388,3,651365874,100,3335000,-1
42721.768545724,3,651349666,40,3334500,-1
42721.790783283,1,651367606,10,3334400,-1
42721.790806838,1,651367614,20,3334400,-1
42721.790810738,1,651367618,25,3334400,-1
42721.790816321,1,651367622,40,3334400,-1
42721.790860004,1,651367626,100,3334400,-1
42721.792950684,1,651367930,100,3335000,-1
42721.805251390,3,651354138,200,3332000,1
42721.805673691,1,651368670,300,3331900,1
42721.905771944,3,651368670,300,3331900,1
42721.906175437,1,651372122,200,3331900,1
42721.949569051,3,651357362,10,3334000,1
42721.949573839,3,651357326,100,3334200,1
42721.949729130,3,651361430,100,3333800,1
42721.949740967,1,651373398,4,3334900,-1
42721.949752253,3,651270950,25,3334000,1
42721.950314731,3,651360566,100,3303900,1
42721.950314731,1,651373618,100,3303800,1
42721.950315619,3,651360570,100,3300600,1
42721.950315619,1,651373622,100,3300500,1
42721.950315820,3,651360574,100,3275200,1
42721.950315820,1,651373626,100,3275100,1
42721.950316904,3,651360578,100,3101700,1
42721.950316904,1,651373630,100,3101600,1
42721.950317099,3,651360582,100,3101700,1
42721.950317099,1,651373634,100,3101600,1
42721.951194687,3,651267882,20,3334000,1
42721.951250797,3,651354202,100,3333900,1
42721.951250797,1,651374190,100,3333800,1
42721.951952195,1,651375138,100,3332200,1
42721.952043760,3,651252798,100,3331400,1
42721.953612420,1,651376006,100,3334900,-1
42721.955198324,1,651376378,40,3334400,-1
42721.955232650,1,651376382,40,3334500,-1
42721.963161084,3,651367930,100,3335000,-1
42721.964413815,3,651376006,100,3334900,-1
42721.964441801,3,651367622,40,3334400,-1
42721.966966647,1,651378002,100,3335000,-1
42722.004391439,1,651380086,100,3334500,-1
42722.009734031,1,651381914,100,3334200,1
42722.009769687,3,651376378,40,3334400,-1
42722.009803017,3,651380086,100,3334500,-1
42722.009835488,3,651378002,100,3335000,-1
42722.009873453,1,651381970,10,3334000,1
42722.009946315,3,651373398,4,3334900,-1
42722.012071983,1,651382650,100,3333800,1
42722.012129539,3,651382650,100,3333800,1
42722.015241335,1,651383422,100,3335000,-1
42722.017809025,3,651381914,100,3334200,1
42722.017843814,3,651381970,10,3334000,1
42722.018822858,1,651384730,3,3334900,-1
42722.060128920,1,651388578,100,3334200,1
42722.060165446,3,651376382,40,3334500,-1
42722.060221083,1,651388610,10,3334000,1
42722.060229548,3,651383422,100,3335000,-1
42722.060489104,3,651384730,3,3334900,-1
42722.060512101,3,651367618,25,3334400,-1
42722.060541755,3,651367626,100,3334400,-1
42722.060575120,3,651367606,10,3334400,-1
42722.060597031,3,651367614,20,3334400,-1
42722.071392539,1,651389742,10,3334400,-1
42722.071436274,3,651388610,10,3334000,1
42722.071464344,1,651389850,100,3334400,-1
42722.071523209,1,651389982,20,3334400,-1
42722.071523308,1,651389986,25,3334400,-1
42722.071527967,1,651389990,40,3334400,-1
42722.071547186,3,651388578,100,3334200,1
42722.072085795,1,651390958,40,3334400,-1
42722.072235438,1,651391246,40,3334500,-1
42722.072914096,3,651226942,100,3348000,-1
42722.072914235,3,651220346,100,3348000,-1
42722.072914417,2,651220706,100,3344000,-1
42722.072940373,3,651271274,100,3334100,1
42722.072999949,3,651349542,20,3335300,-1
42722.075057343,1,651394678,100,3335000,-1
42722.084085420,1,651397046,100,3348000,-1
42722.102050729,1,651398106,100,3334100,1
42722.102761687,3,651394678,100,3335000,-1
42722.122163451,1,651401070,100,3335000,-1
42722.122348879,3,651390958,40,3334400,-1
42722.123057864,1,651401126,3,3334900,-1
42722.153765860,1,651402166,100,3334500,-1
42722.184486050,1,651403206,100,3344000,-1
42722.195261208,1,651403486,100,3348000,-1
42722.195824665,3,651398106,100,3334100,1
42722.195836799,3,651268058,100,3333700,1
42722.195863211,1,651403550,40,3334400,-1
42722.196302159,1,651403902,40,3334300,-1
42722.196334378,1,651403950,40,3334300,-1
42722.196351005,1,651403990,10,3334300,-1
42722.196367650,1,651404018,100,3334300,-1
42722.196399509,3,651193422,100,3335400,-1
42722.197291541,3,651403902,40,3334300,-1
42722.197444941,3,651373618,100,3303800,1
42722.197444941,1,651404730,100,3303700,1
