size_order,label,seed,run_id,attempt_rank,jid,has_loss_data,wandb_run_id,wandb_state,n_points,step_min,step_max
0,0p2M,5,0p2M-s5,0,j4414720,False,,,0,,
0,0p2M,5,0p2M-s5,1,j4415397,False,,,0,,
0,0p2M,5,0p2M-s5,2,j4416091,False,,,0,,
0,0p2M,5,0p2M-s5,3,j4417903,False,,,0,,
0,0p2M,5,0p2M-s5,4,j4420223,False,,,0,,
0,0p2M,5,0p2M-s5,5,j4422335,False,,,0,,
0,0p2M,5,0p2M-s5,6,j4424797,False,,,0,,
0,0p2M,5,0p2M-s5,7,j4499062,True,b6hzllea,crashed,50,1130.0,9040.0
0,0p2M,5,0p2M-s5,8,j4507190,False,,,0,,
0,0p2M,5,0p2M-s5,9,j4507398,True,viq1l1h6,finished,12,8610.0,10530.0
0,0p2M,42,0p2M-s42,0,j4414721,False,,,0,,
0,0p2M,42,0p2M-s42,1,j4415398,False,,,0,,
0,0p2M,42,0p2M-s42,2,j4416092,False,,,0,,
0,0p2M,42,0p2M-s42,3,j4417904,False,,,0,,
0,0p2M,42,0p2M-s42,4,j4420224,False,,,0,,
0,0p2M,42,0p2M-s42,5,j4422336,False,,,0,,
0,0p2M,42,0p2M-s42,6,j4424798,False,,,0,,
0,0p2M,42,0p2M-s42,7,j4499068,True,9itlcx0n,finished,52,1060.0,10450.0
0,0p2M,137,0p2M-s137,0,j4414722,False,,,0,,
0,0p2M,137,0p2M-s137,1,j4415399,False,,,0,,
0,0p2M,137,0p2M-s137,2,j4416093,False,,,0,,
0,0p2M,137,0p2M-s137,3,j4417905,False,,,0,,
0,0p2M,137,0p2M-s137,4,j4420225,False,,,0,,
0,0p2M,137,0p2M-s137,5,j4422337,False,,,0,,
0,0p2M,137,0p2M-s137,6,j4424799,False,,,0,,
0,0p2M,137,0p2M-s137,7,j4499073,True,1txg2mng,crashed,52,1020.0,10280.0
0,0p2M,137,0p2M-s137,8,j4507198,False,,,0,,
0,0p2M,137,0p2M-s137,9,j4507403,True,4ypok8xs,finished,6,9610.0,10470.0
1,1M,5,1M-s5,0,j4415400,False,,,0,,
1,1M,5,1M-s5,1,j4416094,False,,,0,,
1,1M,5,1M-s5,2,j4420226,False,,,0,,
1,1M,5,1M-s5,3,j4422338,False,,,0,,
1,1M,5,1M-s5,4,j4499264,True,i2xv0x67,crashed,109,1010.0,13230.0
1,1M,5,1M-s5,5,j4507207,False,,,0,,
1,1M,5,1M-s5,6,j4507408,True,9e77rm1m,finished,34,13380.0,18490.0
1,1M,42,1M-s42,0,j4416095,False,,,0,,
1,1M,42,1M-s42,1,j4420227,False,,,0,,
1,1M,42,1M-s42,2,j4422339,False,,,0,,
1,1M,42,1M-s42,3,j4424839,False,,,0,,
1,1M,42,1M-s42,4,j4499272,True,3e4ocoih,crashed,110,1040.0,17280.0
1,1M,42,1M-s42,5,j4507212,False,,,0,,
1,1M,42,1M-s42,6,j4507416,True,gurk6ie4,finished,10,17160.0,18530.0
1,1M,137,1M-s137,0,j4416096,False,,,0,,
1,1M,137,1M-s137,1,j4420228,False,,,0,,
1,1M,137,1M-s137,2,j4422340,False,,,0,,
1,1M,137,1M-s137,3,j4424840,False,,,0,,
1,1M,137,1M-s137,4,j4499343,True,603k8e1b,crashed,111,1030.0,15990.0
1,1M,137,1M-s137,5,j4507219,False,,,0,,
1,1M,137,1M-s137,6,j4507422,True,ynkzaefa,finished,21,15560.0,18530.0
2,4M,5,4M-s5,0,j4416097,False,,,0,,
2,4M,5,4M-s5,1,j4420229,False,,,0,,
2,4M,5,4M-s5,2,j4422341,False,,,0,,
2,4M,5,4M-s5,3,j4424841,False,,,0,,
2,4M,5,4M-s5,4,j4499345,True,xqjrw636,crashed,172,1120.0,39640.0
2,4M,5,4M-s5,5,j4507223,False,,,0,,
2,4M,5,4M-s5,6,j4507437,False,,,0,,
2,4M,5,4M-s5,7,j4508654,False,,,0,,
2,4M,5,4M-s5,8,j4508758,True,kyipkqnz,finished,87,38740.0,57930.0
2,4M,42,4M-s42,0,j4416098,False,,,0,,
2,4M,42,4M-s42,1,j4420230,False,,,0,,
2,4M,42,4M-s42,2,j4422342,False,,,0,,
2,4M,42,4M-s42,3,j4424842,False,,,0,,
2,4M,42,4M-s42,4,j4499348,True,q2by04nw,crashed,172,1130.0,38220.0
2,4M,42,4M-s42,5,j4507227,False,,,0,,
2,4M,42,4M-s42,6,j4507442,False,,,0,,
2,4M,42,4M-s42,7,j4508655,False,,,0,,
2,4M,42,4M-s42,8,j4508764,False,,,0,,
2,4M,42,4M-s42,9,j4509357,False,,,0,,
2,4M,42,4M-s42,10,j4514354,True,v6u2djih,finished,93,37380.0,57840.0
2,4M,137,4M-s137,0,j4416099,False,,,0,,
2,4M,137,4M-s137,1,j4420231,False,,,0,,
2,4M,137,4M-s137,2,j4422343,False,,,0,,
2,4M,137,4M-s137,3,j4424843,False,,,0,,
2,4M,137,4M-s137,4,j4499359,True,2k9nv24i,crashed,172,1130.0,38560.0
2,4M,137,4M-s137,5,j4507234,False,,,0,,
2,4M,137,4M-s137,6,j4507448,False,,,0,,
2,4M,137,4M-s137,7,j4508656,False,,,0,,
2,4M,137,4M-s137,8,j4508776,False,,,0,,
2,4M,137,4M-s137,9,j4509660,True,fggw1lql,finished,90,37690.0,57930.0
3,6M,5,6M-s5,0,j4416102,False,,,0,,
3,6M,5,6M-s5,1,j4420234,False,,,0,,
3,6M,5,6M-s5,2,j4422346,False,,,0,,
3,6M,5,6M-s5,3,j4424846,False,,,0,,
3,6M,5,6M-s5,4,j4499369,True,alyn9rxc,crashed,351,1000.0,66980.0
3,6M,5,6M-s5,5,j4507256,False,,,0,,
3,6M,5,6M-s5,6,j4507467,False,,,0,,
3,6M,5,6M-s5,7,j4508658,False,,,0,,
3,6M,5,6M-s5,8,j4508800,False,,,0,,
3,6M,5,6M-s5,9,j4508786,True,yuj9evnv,finished,205,66590.0,106840.0
3,6M,42,6M-s42,0,j4416101,False,,,0,,
3,6M,42,6M-s42,1,j4420233,False,,,0,,
3,6M,42,6M-s42,2,j4422345,False,,,0,,
3,6M,42,6M-s42,3,j4424845,False,,,0,,
3,6M,42,6M-s42,4,j4499364,True,01co8tcb,crashed,350,1010.0,66180.0
3,6M,42,6M-s42,5,j4507247,False,,,0,,
3,6M,42,6M-s42,6,j4507459,True,it0uggeo,finished,211,65980.0,106800.0
3,6M,137,6M-s137,0,j4416100,False,,,0,,
3,6M,137,6M-s137,1,j4420232,False,,,0,,
3,6M,137,6M-s137,2,j4422344,False,,,0,,
3,6M,137,6M-s137,3,j4424844,False,,,0,,
3,6M,137,6M-s137,4,j4499362,True,6fnrblfy,crashed,349,1190.0,67160.0
3,6M,137,6M-s137,5,j4507240,False,,,0,,
3,6M,137,6M-s137,6,j4507453,False,,,0,,
3,6M,137,6M-s137,7,j4508657,False,,,0,,
3,6M,137,6M-s137,8,j4509365,True,c1rgccd9,finished,203,66920.0,106740.0
4,10M,5,10M-s5,0,j4416103,False,,,0,,
4,10M,5,10M-s5,1,j4420235,False,,,0,,
4,10M,5,10M-s5,2,j4422347,False,,,0,,
4,10M,5,10M-s5,3,j4424847,False,,,0,,
4,10M,5,10M-s5,4,j4499372,True,w0cvc0sn,crashed,348,1130.0,54370.0
4,10M,5,10M-s5,5,j4507261,False,,,0,,
4,10M,5,10M-s5,6,j4507471,True,w7onfwwq,finished,198,54320.0,84200.0
4,10M,42,10M-s42,0,j4416104,False,,,0,,
4,10M,42,10M-s42,1,j4420236,False,,,0,,
4,10M,42,10M-s42,2,j4422348,False,,,0,,
4,10M,42,10M-s42,3,j4499377,True,unnxqc4v,crashed,236,1030.0,37400.0
4,10M,42,10M-s42,4,j4507265,False,,,0,,
4,10M,42,10M-s42,5,j4507579,True,u5yg7cih,finished,308,36380.0,84310.0
4,10M,137,10M-s137,0,j4416105,False,,,0,,
4,10M,137,10M-s137,1,j4420237,False,,,0,,
4,10M,137,10M-s137,2,j4422349,False,,,0,,
4,10M,137,10M-s137,3,j4424849,False,,,0,,
4,10M,137,10M-s137,4,j4499378,True,9o13kj41,crashed,349,1110.0,54330.0
4,10M,137,10M-s137,5,j4508816,False,,,0,,
4,10M,137,10M-s137,6,j4510112,True,26xeayf3,finished,194,54280.0,84320.0
5,14M,5,14M-s5,0,j4420238,False,,,0,,
5,14M,5,14M-s5,1,j4422350,False,,,0,,
5,14M,5,14M-s5,2,j4424850,False,,,0,,
5,14M,5,14M-s5,3,j4499380,True,8idsevip,crashed,159,1050.0,22720.0
5,14M,5,14M-s5,4,j4507584,True,tri6p9y2,finished,378,22010.0,74440.0
5,14M,42,14M-s42,0,j4420239,False,,,0,,
5,14M,42,14M-s42,1,j4422351,False,,,0,,
5,14M,42,14M-s42,2,j4424851,False,,,0,,
5,14M,42,14M-s42,3,j4499394,True,yujtep7v,crashed,348,1020.0,49970.0
5,14M,42,14M-s42,4,j4508667,False,,,0,,
5,14M,42,14M-s42,5,j4508823,True,mhaiily7,finished,174,50010.0,74370.0
5,14M,137,14M-s137,0,j4420240,False,,,0,,
5,14M,137,14M-s137,1,j4422352,False,,,0,,
5,14M,137,14M-s137,2,j4424852,False,,,0,,
5,14M,137,14M-s137,3,j4499407,True,cdexu3at,crashed,349,1050.0,49540.0
5,14M,137,14M-s137,4,j4508668,False,,,0,,
5,14M,137,14M-s137,5,j4508836,True,baqhtzle,crashed,40,49660.0,55210.0
5,14M,137,14M-s137,6,j4510296,True,8jz1l24q,finished,145,54380.0,74410.0
6,23M,5,23M-s5,0,j4420241,False,,,0,,
6,23M,5,23M-s5,1,j4422353,False,,,0,,
6,23M,5,23M-s5,2,j4499408,True,culy6048,crashed,350,1020.0,72020.0
6,23M,5,23M-s5,3,j4508673,False,,,0,,
6,23M,5,23M-s5,4,j4508846,True,sr0txhxx,finished,110,71560.0,93790.0
6,23M,137,23M-s137,0,j4420243,False,,,0,,
6,23M,137,23M-s137,1,j4422356,False,,,0,,
6,23M,137,23M-s137,2,j4424855,False,,,0,,
6,23M,137,23M-s137,3,j4508675,True,mkfwf4td,finished,457,1160.0,93800.0
7,46M,5,46M-s5,0,j4420244,False,,,0,,
7,46M,5,46M-s5,1,j4422357,False,,,0,,
7,46M,5,46M-s5,2,j4424856,False,,,0,,
7,46M,5,46M-s5,3,j4498646,False,,,0,,
7,46M,5,46M-s5,4,j4508676,True,w3awke96,finished,406,1090.0,53970.0
7,46M,5,46M-s5,5,j4514373,False,,,0,,
7,46M,42,46M-s42,0,j4420245,False,,,0,,
7,46M,42,46M-s42,1,j4422358,False,,,0,,
7,46M,42,46M-s42,2,j4424857,False,,,0,,
7,46M,42,46M-s42,3,j4508677,True,28bcfloa,finished,408,1030.0,55460.0
7,46M,42,46M-s42,4,j4514385,True,sdhc3zqy,finished,103,49700.0,63320.0
7,46M,137,46M-s137,0,j4420246,False,,,0,,
7,46M,137,46M-s137,1,j4422359,False,,,0,,
7,46M,137,46M-s137,2,j4424858,False,,,0,,
7,46M,137,46M-s137,3,j4508678,True,jm7ls6ao,finished,407,1010.0,55280.0
7,46M,137,46M-s137,4,j4514395,True,3468722o,finished,53,56370.0,63370.0
8,78M,5,78M-s5,0,j4420247,False,,,0,,
8,78M,5,78M-s5,1,j4422360,False,,,0,,
8,78M,5,78M-s5,2,j4499538,True,5vu8avcx,finished,290,1010.0,28710.0
8,78M,42,78M-s42,0,j4420248,False,,,0,,
8,78M,42,78M-s42,1,j4422361,False,,,0,,
8,78M,42,78M-s42,2,j4424860,False,,,0,,
8,78M,42,78M-s42,3,j4499539,True,yyguxjwv,finished,292,1000.0,28720.0
8,78M,137,78M-s137,0,j4420249,False,,,0,,
8,78M,137,78M-s137,1,j4424861,False,,,0,,
8,78M,137,78M-s137,2,j4499540,True,46lnqrsi,finished,291,1070.0,28710.0
9,120M,5,120M-s5,0,j4420250,False,,,0,,
9,120M,5,120M-s5,1,j4424862,False,,,0,,
9,120M,5,120M-s5,2,j4499541,True,8mq3q1y8,finished,201,1080.0,29940.0
9,120M,42,120M-s42,0,j4499542,True,h36erlbq,finished,202,1080.0,29860.0
9,120M,137,120M-s137,0,j4420252,False,,,0,,
9,120M,137,120M-s137,1,j4424864,False,,,0,,
9,120M,137,120M-s137,2,j4499543,True,0qyrbrua,finished,200,1090.0,29880.0
10,200M,5,200M-s5,0,j4424865,False,,,0,,
10,200M,5,200M-s5,1,j4499578,True,mfbok49j,finished,103,1110.0,16160.0
10,200M,42,200M-s42,0,j4499579,True,aumzdbuh,finished,104,1080.0,16120.0
11,350M,5,350M-s5,0,j4499580,True,j8cfcraa,finished,89,1040.0,10590.0
11,350M,42,350M-s42,0,j4499581,True,ofa15p6s,finished,89,1080.0,10590.0
